<?xml version = '1.0' encoding = 'UTF-8'?>
<Relation class="oracle.dbtools.crest.model.design.logical.Relation" name="FUNCIONARIO_DEPENDENTE" directorySegmentName="seg_0" id="1F52565C-A920-1E6D-570B-9D6B24897F55">
<createdBy>willi</createdBy>
<createdTime>2023-04-07 23:08:14 UTC</createdTime>
<ownerDesignName>correcaoaula5</ownerDesignName>
<engineerTo>
<item key="34A11A79-7F35-3281-B47F-DBDE8F0E440C" value="true"/>
</engineerTo>
<sourcePk>9D67D4AF-00B2-D8A2-7A8C-292F23877199</sourcePk>
<identifying>true</identifying>
<optionalSource>true</optionalSource>
<optionalTarget>false</optionalTarget>
<sourceCardinality>1</sourceCardinality>
<sourceEntity>E20B8143-A801-7F4E-0E4F-B199249D3870</sourceEntity>
<targetCardinalityString>*</targetCardinalityString>
<targetEntity>D01D873C-3186-6303-9F23-C40BE69D6780</targetEntity>
<transferable>true</transferable>
<deleteRule>NO ACTION</deleteRule>
</Relation>