<?xml version = '1.0' encoding = 'UTF-8'?>
<Relation class="oracle.dbtools.crest.model.design.logical.Relation" name="PACIENTE_ATENDIMENTO" directorySegmentName="seg_0" id="24D3861C-014C-138C-88DD-48BD58DF33E4">
<createdBy>willi</createdBy>
<createdTime>2023-04-07 23:13:10 UTC</createdTime>
<ownerDesignName>correcaoaula5</ownerDesignName>
<engineerTo>
<item key="34A11A79-7F35-3281-B47F-DBDE8F0E440C" value="true"/>
</engineerTo>
<sourcePk>7E446DCB-8335-5C15-1D3B-A714A3D8059D</sourcePk>
<identifying>false</identifying>
<optionalSource>false</optionalSource>
<optionalTarget>false</optionalTarget>
<sourceCardinality>1</sourceCardinality>
<sourceEntity>D0F28AD0-DAE0-5AAA-8CD8-217F9755A95D</sourceEntity>
<targetCardinalityString>*</targetCardinalityString>
<targetEntity>8017627E-442C-029E-04CA-C75DC762E35A</targetEntity>
<transferable>true</transferable>
<deleteRule>NO ACTION</deleteRule>
</Relation>