<?xml version = '1.0' encoding = 'UTF-8'?>
<Relation class="oracle.dbtools.crest.model.design.logical.Relation" name="FUNCIONARIO_LOGIN" directorySegmentName="seg_0" id="2CF16520-3B33-9E8D-C398-5E7D38226B7D">
<createdBy>willi</createdBy>
<createdTime>2023-04-07 23:21:46 UTC</createdTime>
<ownerDesignName>correcaoaula5</ownerDesignName>
<engineerTo>
<item key="34A11A79-7F35-3281-B47F-DBDE8F0E440C" value="true"/>
</engineerTo>
<sourcePk>CF2ECD5E-6490-0662-58DC-25DB0997934B</sourcePk>
<targetPk>9D67D4AF-00B2-D8A2-7A8C-292F23877199</targetPk>
<identifying>false</identifying>
<optionalSource>false</optionalSource>
<optionalTarget>false</optionalTarget>
<sourceCardinality>1</sourceCardinality>
<sourceEntity>EC693F99-0B0B-2F52-4488-B8A21AF849AE</sourceEntity>
<targetCardinalityString>1</targetCardinalityString>
<targetEntity>E20B8143-A801-7F4E-0E4F-B199249D3870</targetEntity>
<transferable>true</transferable>
<deleteRule>NO ACTION</deleteRule>
</Relation>