<?xml version = '1.0' encoding = 'UTF-8'?>
<Relation class="oracle.dbtools.crest.model.design.logical.Relation" name="DEPARTAMENTO_FUNCIONARIO" directorySegmentName="seg_0" id="5578D665-3653-AE59-7E14-951A98AA34F3">
<createdBy>willi</createdBy>
<createdTime>2023-04-07 23:07:10 UTC</createdTime>
<ownerDesignName>correcaoaula5</ownerDesignName>
<engineerTo>
<item key="34A11A79-7F35-3281-B47F-DBDE8F0E440C" value="true"/>
</engineerTo>
<sourcePk>312AA6B2-BF46-033F-9080-CE14B89B6819</sourcePk>
<identifying>false</identifying>
<optionalSource>true</optionalSource>
<optionalTarget>false</optionalTarget>
<sourceCardinality>1</sourceCardinality>
<sourceEntity>0F6AA0D6-DB23-D592-D823-DBA8CB77F3DE</sourceEntity>
<targetCardinalityString>*</targetCardinalityString>
<targetEntity>E20B8143-A801-7F4E-0E4F-B199249D3870</targetEntity>
<transferable>true</transferable>
<deleteRule>NO ACTION</deleteRule>
</Relation>