<?xml version = '1.0' encoding = 'UTF-8'?>
<Relation class="oracle.dbtools.crest.model.design.logical.Relation" name="CLIENTE_PEDIDO" directorySegmentName="seg_0" id="5A67F343-5560-F586-C3D1-2A5815296E8B">
<createdBy>willi</createdBy>
<createdTime>2023-04-07 23:10:37 UTC</createdTime>
<ownerDesignName>correcaoaula5</ownerDesignName>
<engineerTo>
<item key="34A11A79-7F35-3281-B47F-DBDE8F0E440C" value="true"/>
</engineerTo>
<sourcePk>8C0C9235-8D8A-1A90-8D4B-F291B3C7D0A8</sourcePk>
<identifying>false</identifying>
<optionalSource>true</optionalSource>
<optionalTarget>false</optionalTarget>
<sourceCardinality>1</sourceCardinality>
<sourceEntity>7B380661-EE86-07FE-B4ED-5565F5169E64</sourceEntity>
<targetCardinalityString>*</targetCardinalityString>
<targetEntity>12BC8834-47D5-106F-F094-9E6BFC42793E</targetEntity>
<transferable>true</transferable>
<deleteRule>NO ACTION</deleteRule>
</Relation>