<?xml version = '1.0' encoding = 'UTF-8'?>
<Relation class="oracle.dbtools.crest.model.design.logical.Relation" name="MEDICO_ATENDIMENTOS" directorySegmentName="seg_0" id="E6E7B94C-CDF8-B9CB-88C0-93CF90C8DFDF">
<createdBy>willi</createdBy>
<createdTime>2023-04-07 23:12:56 UTC</createdTime>
<ownerDesignName>correcaoaula5</ownerDesignName>
<engineerTo>
<item key="34A11A79-7F35-3281-B47F-DBDE8F0E440C" value="true"/>
</engineerTo>
<sourcePk>EF216A6A-618A-B3C5-DCAA-FF6C425E0567</sourcePk>
<identifying>false</identifying>
<optionalSource>true</optionalSource>
<optionalTarget>false</optionalTarget>
<sourceCardinality>1</sourceCardinality>
<sourceEntity>FA2CD688-CBA7-35E4-6C6B-36352917F4CB</sourceEntity>
<targetCardinalityString>*</targetCardinalityString>
<targetEntity>8017627E-442C-029E-04CA-C75DC762E35A</targetEntity>
<transferable>true</transferable>
<deleteRule>NO ACTION</deleteRule>
</Relation>