<?xml version = '1.0' encoding = 'UTF-8'?>
<Relation class="oracle.dbtools.crest.model.design.logical.Relation" name="livro_autor" directorySegmentName="seg_0" id="EC46CD43-3CEC-032F-6B9E-CA84A143D886">
<createdBy>willi</createdBy>
<createdTime>2023-04-07 23:19:40 UTC</createdTime>
<ownerDesignName>correcaoaula5</ownerDesignName>
<engineerTo>
<item key="34A11A79-7F35-3281-B47F-DBDE8F0E440C" value="true"/>
</engineerTo>
<sourcePk>4786BF60-8C30-FAA3-82F4-C206EAA1B8F5</sourcePk>
<identifying>true</identifying>
<optionalSource>false</optionalSource>
<optionalTarget>false</optionalTarget>
<sourceCardinality>1</sourceCardinality>
<sourceEntity>5AEA8613-BBB9-F13D-9274-096D32571B7E</sourceEntity>
<targetCardinalityString>*</targetCardinalityString>
<targetEntity>506BBEC3-817F-8591-3367-E66B4D61DC17</targetEntity>
<transferable>true</transferable>
<deleteRule>NO ACTION</deleteRule>
</Relation>