<?xml version = '1.0' encoding = 'UTF-8'?>
<Relation class="oracle.dbtools.crest.model.design.logical.Relation" name="autor_livro" directorySegmentName="seg_0" id="F7693BAE-DB5F-779E-799B-B6B616BA5F95">
<createdBy>willi</createdBy>
<createdTime>2023-04-07 23:18:16 UTC</createdTime>
<ownerDesignName>correcaoaula5</ownerDesignName>
<engineerTo>
<item key="34A11A79-7F35-3281-B47F-DBDE8F0E440C" value="true"/>
</engineerTo>
<sourcePk>7D770C93-524F-106A-8D15-E72B6FB1EBF8</sourcePk>
<identifying>true</identifying>
<optionalSource>false</optionalSource>
<optionalTarget>false</optionalTarget>
<sourceCardinality>1</sourceCardinality>
<sourceEntity>19602E65-5ED7-96E0-0DCE-4B60FFB60296</sourceEntity>
<targetCardinalityString>*</targetCardinalityString>
<targetEntity>506BBEC3-817F-8591-3367-E66B4D61DC17</targetEntity>
<transferable>true</transferable>
<deleteRule>NO ACTION</deleteRule>
</Relation>