<?xml version = '1.0' encoding = 'UTF-8'?>
<Entity class="oracle.dbtools.crest.model.design.logical.Entity" directorySegmentName="seg_0" id="12BC8834-47D5-106F-F094-9E6BFC42793E" name="T_PEDIDO">
<createdBy>willi</createdBy>
<createdTime>2023-03-29 02:44:51 UTC</createdTime>
<ownerDesignName>correcaoaula5</ownerDesignName>
<engineerTo>
<item key="34A11A79-7F35-3281-B47F-DBDE8F0E440C" value="true"/>
</engineerTo>
<adequatelyNormalized>NO</adequatelyNormalized>
<expectedVolumes>0</expectedVolumes>
<fwdEngineeringStrategyName>Single Table</fwdEngineeringStrategyName>
<growthPercent>0</growthPercent>
<growthType>Year</growthType>
<maxVolumes>9999999</maxVolumes>
<minVolumes>0</minVolumes>
<normalForm>Third</normalForm>
<attributes itemClass="oracle.dbtools.crest.model.design.logical.Attribute">
<Attribute name="id_pedido" id="1E613294-9DE8-880B-EECC-D0CC0F6D2496">
<createdBy>willi</createdBy>
<createdTime>2023-03-29 02:53:28 UTC</createdTime>
<ownerDesignName>correcaoaula5</ownerDesignName>
<engineerTo>
<item key="34A11A79-7F35-3281-B47F-DBDE8F0E440C" value="true"/>
</engineerTo>
<useDomainConstraints>false</useDomainConstraints>
<use>1</use>
<logicalDatatype>LOGDT019</logicalDatatype>
<dataTypePrecision>5</dataTypePrecision>
<ownDataTypeParameters>,5,</ownDataTypeParameters>
</Attribute>
<Attribute name="id_cliente" id="2F007142-1F15-7826-405E-2F776C19A7A2">
<createdBy>willi</createdBy>
<createdTime>2023-04-07 23:10:37 UTC</createdTime>
<generatorID>5A67F343-5560-F586-C3D1-2A5815296E8B</generatorID>
<ownerDesignName>correcaoaula5</ownerDesignName>
<engineerTo>
<item key="34A11A79-7F35-3281-B47F-DBDE8F0E440C" value="true"/>
</engineerTo>
<referedAttribute>26B22E00-772F-E8B6-E81F-55CA55013E7A</referedAttribute>
<useDomainConstraints>false</useDomainConstraints>
<use>1</use>
<logicalDatatype>LOGDT019</logicalDatatype>
<dataTypePrecision>5</dataTypePrecision>
<ownDataTypeParameters>,,</ownDataTypeParameters>
</Attribute>
</attributes>
<identifiers itemClass="oracle.dbtools.crest.model.design.logical.CandidateKey">
<identifier id="C987B022-3FEE-BD25-FB84-B98EB0A89F01" name="T_PEDIDO PK">
<createdBy>willi</createdBy>
<createdTime>2023-03-29 02:54:19 UTC</createdTime>
<ownerDesignName>correcaoaula5</ownerDesignName>
<engineerTo>
<item key="34A11A79-7F35-3281-B47F-DBDE8F0E440C" value="true"/>
</engineerTo>
<pk>true</pk>
<usedAttributes>
<attributeRef>1E613294-9DE8-880B-EECC-D0CC0F6D2496</attributeRef>
</usedAttributes>
</identifier>
</identifiers>
</Entity>