<?xml version = '1.0' encoding = 'UTF-8'?>
<Entity class="oracle.dbtools.crest.model.design.logical.Entity" directorySegmentName="seg_0" id="506BBEC3-817F-8591-3367-E66B4D61DC17" name="T_AUTOR_LIVRO">
<createdBy>willi</createdBy>
<createdTime>2023-04-07 23:17:45 UTC</createdTime>
<ownerDesignName>correcaoaula5</ownerDesignName>
<engineerTo>
<item key="34A11A79-7F35-3281-B47F-DBDE8F0E440C" value="true"/>
</engineerTo>
<adequatelyNormalized>NO</adequatelyNormalized>
<expectedVolumes>0</expectedVolumes>
<fwdEngineeringStrategyName>Single Table</fwdEngineeringStrategyName>
<growthPercent>0</growthPercent>
<growthType>Year</growthType>
<maxVolumes>9999999</maxVolumes>
<minVolumes>0</minVolumes>
<normalForm>Third</normalForm>
<attributes itemClass="oracle.dbtools.crest.model.design.logical.Attribute">
<Attribute name="id_autor" id="EE840C1D-81DF-ED88-C20F-5EA377232710">
<createdBy>willi</createdBy>
<createdTime>2023-04-07 23:18:16 UTC</createdTime>
<generatorID>F7693BAE-DB5F-779E-799B-B6B616BA5F95</generatorID>
<ownerDesignName>correcaoaula5</ownerDesignName>
<engineerTo>
<item key="34A11A79-7F35-3281-B47F-DBDE8F0E440C" value="true"/>
</engineerTo>
<referedAttribute>8342F816-C627-55B2-7E0D-5CE05331E3C4</referedAttribute>
<useDomainConstraints>false</useDomainConstraints>
<use>1</use>
<logicalDatatype>LOGDT019</logicalDatatype>
<dataTypePrecision>5</dataTypePrecision>
<ownDataTypeParameters>,,</ownDataTypeParameters>
</Attribute>
<Attribute name="id_livro" id="91A16494-7B8B-D30B-F0BA-D6385F3CF8D3">
<createdBy>willi</createdBy>
<createdTime>2023-04-07 23:19:40 UTC</createdTime>
<generatorID>EC46CD43-3CEC-032F-6B9E-CA84A143D886</generatorID>
<ownerDesignName>correcaoaula5</ownerDesignName>
<engineerTo>
<item key="34A11A79-7F35-3281-B47F-DBDE8F0E440C" value="true"/>
</engineerTo>
<referedAttribute>F1D9D29B-36DF-9291-44C1-718FCF1FC880</referedAttribute>
<useDomainConstraints>false</useDomainConstraints>
<use>1</use>
<logicalDatatype>LOGDT019</logicalDatatype>
<dataTypePrecision>5</dataTypePrecision>
<ownDataTypeParameters>,,</ownDataTypeParameters>
</Attribute>
</attributes>
<identifiers itemClass="oracle.dbtools.crest.model.design.logical.CandidateKey">
<identifier id="4130456B-02BE-58E8-D2DC-8EED64D3915A" name="T_AUTOR_LIVRO PK">
<createdBy>willi</createdBy>
<createdTime>2023-04-07 23:18:16 UTC</createdTime>
<ownerDesignName>correcaoaula5</ownerDesignName>
<engineerTo>
<item key="34A11A79-7F35-3281-B47F-DBDE8F0E440C" value="true"/>
</engineerTo>
<pk>true</pk>
<usedAttributes>
<attributeRef>EE840C1D-81DF-ED88-C20F-5EA377232710</attributeRef>
<attributeRef>91A16494-7B8B-D30B-F0BA-D6385F3CF8D3</attributeRef>
</usedAttributes>
</identifier>
</identifiers>
</Entity>