<?xml version = '1.0' encoding = 'UTF-8'?>
<Entity class="oracle.dbtools.crest.model.design.logical.Entity" directorySegmentName="seg_0" id="8017627E-442C-029E-04CA-C75DC762E35A" name="T_ATENDIMENTO">
<createdBy>willi</createdBy>
<createdTime>2023-04-07 23:12:10 UTC</createdTime>
<ownerDesignName>correcaoaula5</ownerDesignName>
<engineerTo>
<item key="34A11A79-7F35-3281-B47F-DBDE8F0E440C" value="true"/>
</engineerTo>
<adequatelyNormalized>NO</adequatelyNormalized>
<expectedVolumes>0</expectedVolumes>
<fwdEngineeringStrategyName>Single Table</fwdEngineeringStrategyName>
<growthPercent>0</growthPercent>
<growthType>Year</growthType>
<maxVolumes>9999999</maxVolumes>
<minVolumes>0</minVolumes>
<normalForm>Third</normalForm>
<attributes itemClass="oracle.dbtools.crest.model.design.logical.Attribute">
<Attribute name="id_atendimento" id="4014BEF2-C400-0311-C637-3AA9AB06402A">
<createdBy>willi</createdBy>
<createdTime>2023-04-07 23:16:02 UTC</createdTime>
<ownerDesignName>correcaoaula5</ownerDesignName>
<engineerTo>
<item key="34A11A79-7F35-3281-B47F-DBDE8F0E440C" value="true"/>
</engineerTo>
<useDomainConstraints>false</useDomainConstraints>
<use>1</use>
<logicalDatatype>LOGDT019</logicalDatatype>
<dataTypePrecision>5</dataTypePrecision>
<ownDataTypeParameters>,5,</ownDataTypeParameters>
</Attribute>
<Attribute name="id_medico" id="DEC156B5-7DF5-C53E-AACC-A1FC1C8BD299">
<createdBy>willi</createdBy>
<createdTime>2023-04-07 23:12:56 UTC</createdTime>
<generatorID>E6E7B94C-CDF8-B9CB-88C0-93CF90C8DFDF</generatorID>
<ownerDesignName>correcaoaula5</ownerDesignName>
<engineerTo>
<item key="34A11A79-7F35-3281-B47F-DBDE8F0E440C" value="true"/>
</engineerTo>
<referedAttribute>14BE1DFC-1F18-5846-92CA-FF91E1A863F2</referedAttribute>
<useDomainConstraints>false</useDomainConstraints>
<use>1</use>
<logicalDatatype>LOGDT019</logicalDatatype>
<dataTypePrecision>5</dataTypePrecision>
<ownDataTypeParameters>,,</ownDataTypeParameters>
</Attribute>
<Attribute name="id_paciente" id="BA450FF3-DF6A-3621-2155-14B3385A0ABE">
<createdBy>willi</createdBy>
<createdTime>2023-04-07 23:13:10 UTC</createdTime>
<generatorID>24D3861C-014C-138C-88DD-48BD58DF33E4</generatorID>
<ownerDesignName>correcaoaula5</ownerDesignName>
<engineerTo>
<item key="34A11A79-7F35-3281-B47F-DBDE8F0E440C" value="true"/>
</engineerTo>
<referedAttribute>DE2FA71B-655A-06C5-06D8-FBBD875B930D</referedAttribute>
<useDomainConstraints>false</useDomainConstraints>
<use>1</use>
<logicalDatatype>LOGDT019</logicalDatatype>
<dataTypePrecision>5</dataTypePrecision>
<ownDataTypeParameters>,,</ownDataTypeParameters>
</Attribute>
</attributes>
<identifiers itemClass="oracle.dbtools.crest.model.design.logical.CandidateKey">
<identifier id="135D3474-AF51-D3FB-EAF5-19B910C95781" name="T_ATENDIMENTO PK">
<createdBy>willi</createdBy>
<createdTime>2023-04-07 23:16:15 UTC</createdTime>
<ownerDesignName>correcaoaula5</ownerDesignName>
<engineerTo>
<item key="34A11A79-7F35-3281-B47F-DBDE8F0E440C" value="true"/>
</engineerTo>
<pk>true</pk>
<usedAttributes>
<attributeRef>4014BEF2-C400-0311-C637-3AA9AB06402A</attributeRef>
</usedAttributes>
</identifier>
</identifiers>
</Entity>