<?xml version = '1.0' encoding = 'UTF-8'?>
<Entity class="oracle.dbtools.crest.model.design.logical.Entity" directorySegmentName="seg_0" id="D01D873C-3186-6303-9F23-C40BE69D6780" name="T_SIP_DEPENDENTE">
<createdBy>willi</createdBy>
<createdTime>2023-03-29 02:11:00 UTC</createdTime>
<ownerDesignName>correcaoaula5</ownerDesignName>
<engineerTo>
<item key="34A11A79-7F35-3281-B47F-DBDE8F0E440C" value="true"/>
</engineerTo>
<adequatelyNormalized>NO</adequatelyNormalized>
<expectedVolumes>0</expectedVolumes>
<fwdEngineeringStrategyName>Single Table</fwdEngineeringStrategyName>
<growthPercent>0</growthPercent>
<growthType>Year</growthType>
<maxVolumes>9999999</maxVolumes>
<minVolumes>0</minVolumes>
<normalForm>Third</normalForm>
<attributes itemClass="oracle.dbtools.crest.model.design.logical.Attribute">
<Attribute name="cd_dependente" id="7A6C31DD-AD77-FE71-05E7-135FBE3BFEC7">
<createdBy>willi</createdBy>
<createdTime>2023-03-29 02:12:42 UTC</createdTime>
<ownerDesignName>correcaoaula5</ownerDesignName>
<engineerTo>
<item key="34A11A79-7F35-3281-B47F-DBDE8F0E440C" value="true"/>
</engineerTo>
<useDomainConstraints>false</useDomainConstraints>
<use>1</use>
<logicalDatatype>LOGDT019</logicalDatatype>
<dataTypePrecision>3</dataTypePrecision>
<ownDataTypeParameters>,3,</ownDataTypeParameters>
</Attribute>
<Attribute name="nr_matricula" id="5FA24BA9-E7EC-1725-BDEB-B898BE1A01EB">
<createdBy>willi</createdBy>
<createdTime>2023-04-07 23:08:14 UTC</createdTime>
<generatorID>1F52565C-A920-1E6D-570B-9D6B24897F55</generatorID>
<ownerDesignName>correcaoaula5</ownerDesignName>
<engineerTo>
<item key="34A11A79-7F35-3281-B47F-DBDE8F0E440C" value="true"/>
</engineerTo>
<referedAttribute>95E08A30-0F5A-8475-7E3C-7A9CEDDAEC8F</referedAttribute>
<useDomainConstraints>false</useDomainConstraints>
<use>1</use>
<logicalDatatype>LOGDT019</logicalDatatype>
<dataTypePrecision>5</dataTypePrecision>
<ownDataTypeParameters>,,</ownDataTypeParameters>
</Attribute>
<Attribute name="nm_dependente" id="BA3A26B7-A05E-9AD6-5944-F4FFFCCAA2BA">
<createdBy>willi</createdBy>
<createdTime>2023-03-29 02:13:37 UTC</createdTime>
<ownerDesignName>correcaoaula5</ownerDesignName>
<engineerTo>
<item key="34A11A79-7F35-3281-B47F-DBDE8F0E440C" value="true"/>
</engineerTo>
<useDomainConstraints>false</useDomainConstraints>
<use>1</use>
<logicalDatatype>LOGDT024</logicalDatatype>
<dataTypeSize>60</dataTypeSize>
<ownDataTypeParameters>60,,</ownDataTypeParameters>
</Attribute>
<Attribute name="dt_nascimento" id="AE162D28-4D19-BAEE-2B56-9F7AA761B4A1">
<createdBy>willi</createdBy>
<createdTime>2023-03-29 02:17:02 UTC</createdTime>
<ownerDesignName>correcaoaula5</ownerDesignName>
<engineerTo>
<item key="34A11A79-7F35-3281-B47F-DBDE8F0E440C" value="true"/>
</engineerTo>
<useDomainConstraints>false</useDomainConstraints>
<use>1</use>
<logicalDatatype>LOGDT007</logicalDatatype>
<ownDataTypeParameters>,,</ownDataTypeParameters>
</Attribute>
</attributes>
<identifiers itemClass="oracle.dbtools.crest.model.design.logical.CandidateKey">
<identifier id="FF09A1EB-D9DC-4217-2A8E-3F0D348F7265" name="T_SIP_DEPENDENTE PK">
<createdBy>willi</createdBy>
<createdTime>2023-03-29 02:13:35 UTC</createdTime>
<ownerDesignName>correcaoaula5</ownerDesignName>
<engineerTo>
<item key="34A11A79-7F35-3281-B47F-DBDE8F0E440C" value="true"/>
</engineerTo>
<pk>true</pk>
<usedAttributes>
<attributeRef>7A6C31DD-AD77-FE71-05E7-135FBE3BFEC7</attributeRef>
<attributeRef>5FA24BA9-E7EC-1725-BDEB-B898BE1A01EB</attributeRef>
</usedAttributes>
</identifier>
</identifiers>
</Entity>