<?xml version = '1.0' encoding = 'UTF-8'?>
<Entity class="oracle.dbtools.crest.model.design.logical.Entity" directorySegmentName="seg_0" id="EC693F99-0B0B-2F52-4488-B8A21AF849AE" name="T_SIP_LOGIN">
<createdBy>willi</createdBy>
<createdTime>2023-03-29 02:30:28 UTC</createdTime>
<ownerDesignName>correcaoaula5</ownerDesignName>
<engineerTo>
<item key="34A11A79-7F35-3281-B47F-DBDE8F0E440C" value="true"/>
</engineerTo>
<adequatelyNormalized>NO</adequatelyNormalized>
<expectedVolumes>0</expectedVolumes>
<fwdEngineeringStrategyName>Single Table</fwdEngineeringStrategyName>
<growthPercent>0</growthPercent>
<growthType>Year</growthType>
<maxVolumes>9999999</maxVolumes>
<minVolumes>0</minVolumes>
<normalForm>Third</normalForm>
<attributes itemClass="oracle.dbtools.crest.model.design.logical.Attribute">
<Attribute name="id_login" id="32629239-34A2-C47B-A306-19EC1DDDBE2E">
<createdBy>willi</createdBy>
<createdTime>2023-03-29 02:33:01 UTC</createdTime>
<ownerDesignName>correcaoaula5</ownerDesignName>
<engineerTo>
<item key="34A11A79-7F35-3281-B47F-DBDE8F0E440C" value="true"/>
</engineerTo>
<useDomainConstraints>false</useDomainConstraints>
<use>1</use>
<logicalDatatype>LOGDT019</logicalDatatype>
<dataTypePrecision>5</dataTypePrecision>
<ownDataTypeParameters>,5,</ownDataTypeParameters>
</Attribute>
<Attribute name="nr_matricula" id="9EB858DD-8959-89BB-533B-A6038CDECFF3">
<createdBy>willi</createdBy>
<createdTime>2023-04-07 23:22:03 UTC</createdTime>
<generatorID>2CF16520-3B33-9E8D-C398-5E7D38226B7D</generatorID>
<ownerDesignName>correcaoaula5</ownerDesignName>
<engineerTo>
<item key="34A11A79-7F35-3281-B47F-DBDE8F0E440C" value="true"/>
</engineerTo>
<referedAttribute>95E08A30-0F5A-8475-7E3C-7A9CEDDAEC8F</referedAttribute>
<useDomainConstraints>false</useDomainConstraints>
<use>1</use>
<logicalDatatype>LOGDT019</logicalDatatype>
<dataTypePrecision>5</dataTypePrecision>
<ownDataTypeParameters>,,</ownDataTypeParameters>
</Attribute>
<Attribute name="nm_login" id="56E2B493-4F4C-B997-5D49-C582B25CEEFF">
<createdBy>willi</createdBy>
<createdTime>2023-03-29 02:34:38 UTC</createdTime>
<ownerDesignName>correcaoaula5</ownerDesignName>
<engineerTo>
<item key="34A11A79-7F35-3281-B47F-DBDE8F0E440C" value="true"/>
</engineerTo>
<useDomainConstraints>false</useDomainConstraints>
<use>1</use>
<logicalDatatype>LOGDT024</logicalDatatype>
<dataTypeSize>50</dataTypeSize>
<ownDataTypeParameters>50,,</ownDataTypeParameters>
</Attribute>
<Attribute name="st_login" id="4D509ACD-F0A4-1493-227F-E4242D5C1E64">
<createdBy>willi</createdBy>
<createdTime>2023-03-29 02:38:24 UTC</createdTime>
<ownerDesignName>correcaoaula5</ownerDesignName>
<engineerTo>
<item key="34A11A79-7F35-3281-B47F-DBDE8F0E440C" value="true"/>
</engineerTo>
<useDomainConstraints>false</useDomainConstraints>
<use>1</use>
<logicalDatatype>LOGDT025</logicalDatatype>
<dataTypeSize>1</dataTypeSize>
<ownDataTypeParameters>1,,</ownDataTypeParameters>
</Attribute>
</attributes>
<identifiers itemClass="oracle.dbtools.crest.model.design.logical.CandidateKey">
<identifier id="CF2ECD5E-6490-0662-58DC-25DB0997934B" name="T_SIP_LOGIN PK">
<createdBy>willi</createdBy>
<createdTime>2023-03-29 02:39:52 UTC</createdTime>
<ownerDesignName>correcaoaula5</ownerDesignName>
<engineerTo>
<item key="34A11A79-7F35-3281-B47F-DBDE8F0E440C" value="true"/>
</engineerTo>
<pk>true</pk>
<usedAttributes>
<attributeRef>32629239-34A2-C47B-A306-19EC1DDDBE2E</attributeRef>
</usedAttributes>
</identifier>
</identifiers>
</Entity>