<?xml version = '1.0' encoding = 'UTF-8'?>
<relationalModel class="oracle.dbtools.crest.model.design.relational.RelationalDesign" name="Relational_1" id="11BA9E03-EC11-10C9-753A-C0E836C1D9E8" mainViewID="0DB473B0-99F6-494D-DDA5-C81523B62D48">
<createdBy>Gustavo Padlipskas</createdBy>
<createdTime>2020-07-27 17:18:47 UTC</createdTime>
<ownerDesignName>Slide_10</ownerDesignName>
<shouldBeOpen>true</shouldBeOpen>
<selectedRDBMSSite>32076570-2523-435C-2E92-BF29817DFF70</selectedRDBMSSite>
</relationalModel>