<?xml version = '1.0' encoding = 'UTF-8'?>
<Diagram class="oracle.dbtools.crest.swingui.logical.DPVLogical" name="Logical" id="780F6D86-4A46-52F1-6FC8-C8728EBF3136">
<createdBy>labsfiap</createdBy>
<modifiedBy>labsfiap</modifiedBy>
<createdTime>2025-03-28 00:32:06 UTC</createdTime>
<autoRoute>false</autoRoute>
<boxInbox>true</boxInbox>
<showLegend>false</showLegend>
<showLabels>false</showLabels>
<showRelAttributes>false</showRelAttributes>
<gridEnabled>false</gridEnabled>
<showGrid>false</showGrid>
<diagramColor>-1</diagramColor>
<display>false</display>
<notation>1</notation>
<objectViews>
<OView class="oracle.dbtools.crest.swingui.logical.TVEntity" oid="1C74E792-22B7-A40D-E6B3-3FDCE547E76A" otype="Entity" vid="D75621DC-0BF6-C338-1D2A-181287DEEAC2">
<hideElementsInCurrentOnly>false</hideElementsInCurrentOnly>
<bounds x="99" y="118" width="170" height="110"/>
</OView>
</objectViews>
</Diagram>
