<?xml version = '1.0' encoding = 'UTF-8'?>
<Diagram class="oracle.dbtools.crest.swingui.logical.DPVLogical" name="Logical" id="B394BD2B-6B40-C29C-2F00-95EB65014C32">
<createdBy>André</createdBy>
<modifiedBy>André</modifiedBy>
<createdTime>2020-04-16 00:58:58 UTC</createdTime>
<autoRoute>false</autoRoute>
<boxInbox>true</boxInbox>
<showLegend>false</showLegend>
<showLabels>false</showLabels>
<showRelAttributes>false</showRelAttributes>
<gridEnabled>false</gridEnabled>
<showGrid>false</showGrid>
<diagramColor>-1</diagramColor>
<display>false</display>
<notation>2</notation>
<objectViews>
<OView class="oracle.dbtools.crest.swingui.logical.TVEntity" oid="1498D869-CF91-FD2B-9D5E-7C13A11FAEBD" otype="Entity" vid="B3399145-C026-A642-ECAC-96D537F8D76C">
<hideElementsInCurrentOnly>false</hideElementsInCurrentOnly>
<bounds x="746" y="13" width="236" height="172"/>
</OView>
<OView class="oracle.dbtools.crest.swingui.logical.TVEntity" oid="8E0AFA2B-0FA3-1EFA-CFE8-78CF1BB8472F" otype="Entity" vid="C0AEEAC3-1CB5-4BCF-0122-75D2203C4C70">
<hideElementsInCurrentOnly>false</hideElementsInCurrentOnly>
<bounds x="168" y="13" width="255" height="144"/>
</OView>
<OView class="oracle.dbtools.crest.swingui.logical.TVEntity" oid="9F6974F9-B448-7A93-14D7-265522384A18" otype="Entity" vid="1961902C-6E63-B04D-C6F4-5FB6C57ACBEC">
<hideElementsInCurrentOnly>false</hideElementsInCurrentOnly>
<bounds x="746" y="229" width="242" height="116"/>
</OView>
<OView class="oracle.dbtools.crest.swingui.logical.TVEntity" oid="A1B843C4-6515-6955-2513-A1FA92A4D36D" otype="Entity" vid="264E64DA-CB47-9FAC-E355-4913DD25C2B2">
<hideElementsInCurrentOnly>false</hideElementsInCurrentOnly>
<bounds x="746" y="400" width="241" height="158"/>
</OView>
<OView class="oracle.dbtools.crest.swingui.logical.TVEntity" oid="D27650FB-CD60-9005-5825-2EBF83226891" otype="Entity" vid="4DD015CC-A810-EA7B-715E-148A1E2B57C0">
<hideElementsInCurrentOnly>false</hideElementsInCurrentOnly>
<bounds x="319" y="308" width="264" height="102"/>
</OView>
<OView class="oracle.dbtools.crest.swingui.logical.TVEntity" oid="E7118554-C19A-147C-810C-19AE00FC004C" otype="Entity" vid="96147CEB-4FDB-CBD9-4485-EFA4F462F176">
<hideElementsInCurrentOnly>false</hideElementsInCurrentOnly>
<bounds x="14" y="303" width="266" height="200"/>
</OView>
</objectViews>
<connectors>
<Connector class="oracle.dbtools.crest.swingui.logical.TVRelation" oid="0092B1B3-7CB7-44B0-819A-C0DF86338EB3" otype="Relation" vid_source="B3399145-C026-A642-ECAC-96D537F8D76C" vid_target="1961902C-6E63-B04D-C6F4-5FB6C57ACBEC">
<hideElementsInCurrentOnly>false</hideElementsInCurrentOnly>
<backgroundColor>-16777216</backgroundColor>
<lineWidth>1</lineWidth>
<points>
<point x="864" y="185"/>
<point x="864" y="229"/>
</points>
</Connector>
<Connector class="oracle.dbtools.crest.swingui.logical.TVRelation" oid="1FEBB59A-8C7D-F37C-CD4E-781204FD2140" otype="Relation" vid_source="C0AEEAC3-1CB5-4BCF-0122-75D2203C4C70" vid_target="96147CEB-4FDB-CBD9-4485-EFA4F462F176">
<hideElementsInCurrentOnly>false</hideElementsInCurrentOnly>
<backgroundColor>-16777216</backgroundColor>
<lineWidth>1</lineWidth>
<points>
<point x="239" y="157"/>
<point x="239" y="303"/>
</points>
</Connector>
<Connector class="oracle.dbtools.crest.swingui.logical.TVRelation" oid="38433EAB-898D-19C1-DCC5-7C4236EDF60B" otype="Relation" vid_source="C0AEEAC3-1CB5-4BCF-0122-75D2203C4C70" vid_target="4DD015CC-A810-EA7B-715E-148A1E2B57C0">
<hideElementsInCurrentOnly>false</hideElementsInCurrentOnly>
<backgroundColor>-16777216</backgroundColor>
<lineWidth>1</lineWidth>
<points>
<point x="371" y="157"/>
<point x="371" y="308"/>
</points>
</Connector>
<Connector class="oracle.dbtools.crest.swingui.logical.TVRelation" oid="DB8FD6B8-33BD-014E-9510-02735D2E4685" otype="Relation" vid_source="C0AEEAC3-1CB5-4BCF-0122-75D2203C4C70" vid_target="B3399145-C026-A642-ECAC-96D537F8D76C">
<hideElementsInCurrentOnly>false</hideElementsInCurrentOnly>
<backgroundColor>-16777216</backgroundColor>
<lineWidth>1</lineWidth>
<points>
<point x="423" y="85"/>
<point x="746" y="85"/>
</points>
</Connector>
<Connector class="oracle.dbtools.crest.swingui.logical.TVRelation" oid="FD95E3B2-2C9C-1A7B-1BD5-CF55432C9251" otype="Relation" vid_source="264E64DA-CB47-9FAC-E355-4913DD25C2B2" vid_target="1961902C-6E63-B04D-C6F4-5FB6C57ACBEC">
<hideElementsInCurrentOnly>false</hideElementsInCurrentOnly>
<backgroundColor>-16777216</backgroundColor>
<lineWidth>1</lineWidth>
<points>
<point x="866" y="400"/>
<point x="866" y="345"/>
</points>
</Connector>
</connectors>
</Diagram>