<?xml version = '1.0' encoding = 'UTF-8'?>
<Relation class="oracle.dbtools.crest.model.design.logical.Relation" name="Relation_3" directorySegmentName="seg_0" id="70DDB60A-9075-19AE-4837-5675DE454A00">
<createdBy>labsfiap</createdBy>
<createdTime>2025-03-28 02:06:18 UTC</createdTime>
<ownerDesignName>exec-pratica</ownerDesignName>
<engineerTo>
<item key="61914652-2A27-DB84-4294-AC3C21527FA0" value="true"/>
</engineerTo>
<identifying>false</identifying>
<optionalSource>true</optionalSource>
<optionalTarget>false</optionalTarget>
<sourceCardinality>*</sourceCardinality>
<sourceEntity>C9770097-AA22-C1B9-A4B2-79F1FE75938F</sourceEntity>
<targetCardinalityString>*</targetCardinalityString>
<targetEntity>43806432-31A1-4FC5-9459-8A7845C6EE2D</targetEntity>
<transferable>true</transferable>
<deleteRule>NO ACTION</deleteRule>
</Relation>
