<?xml version = '1.0' encoding = 'UTF-8'?>
<Relation class="oracle.dbtools.crest.model.design.logical.Relation" name="FK_PACIENTE_EMAIL" directorySegmentName="seg_0" id="06AD5A14-DF00-988C-3750-7EF2F877F262">
<createdBy>Matt</createdBy>
<createdTime>2025-04-11 18:09:52 UTC</createdTime>
<ownerDesignName>cp-01</ownerDesignName>
<engineerTo>
<item key="C7786DB7-0C6A-94C4-17EE-27EC2DAF0768" value="true"/>
</engineerTo>
<sourcePk>2CF981F0-E025-B205-D88A-262242958A46</sourcePk>
<identifying>true</identifying>
<optionalSource>true</optionalSource>
<optionalTarget>false</optionalTarget>
<sourceCardinality>1</sourceCardinality>
<sourceEntity>25DD65A8-2B54-A4CF-E5DE-21C1AAACD6D4</sourceEntity>
<targetCardinalityString>*</targetCardinalityString>
<targetEntity>2EC55B9C-22A8-A2A0-3FD8-EBC323F09EC5</targetEntity>
<transferable>true</transferable>
<deleteRule>NO ACTION</deleteRule>
</Relation>