<?xml version = '1.0' encoding = 'UTF-8'?>
<Relation class="oracle.dbtools.crest.model.design.logical.Relation" name="FK_PACIENTE_EMERGENCIA" directorySegmentName="seg_0" id="6E65DB04-E4C5-A698-6196-F07AF37C02BB">
<createdBy>Matt</createdBy>
<createdTime>2025-04-11 08:46:22 UTC</createdTime>
<ownerDesignName>cp-01</ownerDesignName>
<engineerTo>
<item key="C7786DB7-0C6A-94C4-17EE-27EC2DAF0768" value="true"/>
</engineerTo>
<sourcePk>2CF981F0-E025-B205-D88A-262242958A46</sourcePk>
<identifying>true</identifying>
<optionalSource>true</optionalSource>
<optionalTarget>false</optionalTarget>
<sourceCardinality>1</sourceCardinality>
<sourceEntity>25DD65A8-2B54-A4CF-E5DE-21C1AAACD6D4</sourceEntity>
<targetCardinalityString>*</targetCardinalityString>
<targetEntity>03C04B7A-434A-4BF6-6F5D-417CB3FE4C6E</targetEntity>
<transferable>true</transferable>
<deleteRule>NO ACTION</deleteRule>
</Relation>