<?xml version = '1.0' encoding = 'UTF-8'?>
<Relation class="oracle.dbtools.crest.model.design.logical.Relation" name="PK_PACIENTE_PLANO" directorySegmentName="seg_0" id="9327508B-64F2-EF8F-A9CE-C48A6CF8771E">
<createdBy>Matt</createdBy>
<createdTime>2025-04-11 17:59:10 UTC</createdTime>
<ownerDesignName>cp-01</ownerDesignName>
<engineerTo>
<item key="C7786DB7-0C6A-94C4-17EE-27EC2DAF0768" value="true"/>
</engineerTo>
<sourcePk>2CF981F0-E025-B205-D88A-262242958A46</sourcePk>
<identifying>false</identifying>
<optionalSource>true</optionalSource>
<optionalTarget>false</optionalTarget>
<sourceCardinality>1</sourceCardinality>
<sourceEntity>25DD65A8-2B54-A4CF-E5DE-21C1AAACD6D4</sourceEntity>
<targetCardinalityString>*</targetCardinalityString>
<targetEntity>CA814C9A-88A5-F4BC-39C8-4F6FCBE06F5C</targetEntity>
<transferable>true</transferable>
<deleteRule>NO ACTION</deleteRule>
</Relation>