<?xml version = '1.0' encoding = 'UTF-8'?>
<Relation class="oracle.dbtools.crest.model.design.logical.Relation" name="PK_PACIENTE_PLANO_DE_SAUDE" directorySegmentName="seg_0" id="BDAEC7F4-0BB0-92B0-FDF4-279976F57170">
<createdBy>Matt</createdBy>
<createdTime>2025-04-11 09:04:58 UTC</createdTime>
<ownerDesignName>cp-01</ownerDesignName>
<engineerTo>
<item key="C7786DB7-0C6A-94C4-17EE-27EC2DAF0768" value="true"/>
</engineerTo>
<identifying>false</identifying>
<optionalSource>true</optionalSource>
<optionalTarget>false</optionalTarget>
<sourceCardinality>*</sourceCardinality>
<sourceEntity>25DD65A8-2B54-A4CF-E5DE-21C1AAACD6D4</sourceEntity>
<targetCardinalityString>*</targetCardinalityString>
<targetEntity>69421DE8-F533-D346-B030-D6DB1C0B411C</targetEntity>
<transferable>true</transferable>
<deleteRule>NO ACTION</deleteRule>
</Relation>