<?xml version = '1.0' encoding = 'UTF-8'?>
<Relation class="oracle.dbtools.crest.model.design.logical.Relation" name="PK_PACIENTE_ENDERECO" directorySegmentName="seg_0" id="FF2C3F8B-0CAF-78DF-B1D2-C425CAD8D65C">
<createdBy>Matt</createdBy>
<createdTime>2025-04-11 17:51:02 UTC</createdTime>
<ownerDesignName>cp-01</ownerDesignName>
<engineerTo>
<item key="C7786DB7-0C6A-94C4-17EE-27EC2DAF0768" value="true"/>
</engineerTo>
<sourcePk>2CF981F0-E025-B205-D88A-262242958A46</sourcePk>
<identifying>false</identifying>
<optionalSource>true</optionalSource>
<optionalTarget>false</optionalTarget>
<sourceCardinality>1</sourceCardinality>
<sourceEntity>25DD65A8-2B54-A4CF-E5DE-21C1AAACD6D4</sourceEntity>
<targetCardinalityString>*</targetCardinalityString>
<targetEntity>47D591BE-16B4-152D-1724-6242741BCF7F</targetEntity>
<transferable>true</transferable>
<deleteRule>NO ACTION</deleteRule>
</Relation>