<?xml version = '1.0' encoding = 'UTF-8'?>
<Entity class="oracle.dbtools.crest.model.design.logical.Entity" directorySegmentName="seg_0" id="03C04B7A-434A-4BF6-6F5D-417CB3FE4C6E" name="T_EMERGENCIA">
<createdBy>Matt</createdBy>
<createdTime>2025-04-11 08:02:27 UTC</createdTime>
<ownerDesignName>cp-01</ownerDesignName>
<engineerTo>
<item key="C7786DB7-0C6A-94C4-17EE-27EC2DAF0768" value="true"/>
</engineerTo>
<adequatelyNormalized>NO</adequatelyNormalized>
<expectedVolumes>0</expectedVolumes>
<fwdEngineeringStrategyName>Single Table</fwdEngineeringStrategyName>
<growthPercent>0</growthPercent>
<growthType>Year</growthType>
<maxVolumes>9999999</maxVolumes>
<minVolumes>0</minVolumes>
<normalForm>Third</normalForm>
<attributes itemClass="oracle.dbtools.crest.model.design.logical.Attribute">
<Attribute name="ID_EMERGENCIA" id="D97F7A18-213E-8709-E9C6-F77DC80DA76D">
<createdBy>Matt</createdBy>
<createdTime>2025-04-11 08:02:35 UTC</createdTime>
<comment><![CDATA[Chave primária da emergencia, obrigatório]]></comment>
<commentInRDBMS><![CDATA[Chave primária da emergencia, obrigatório]]></commentInRDBMS>
<notes><![CDATA[Chave primária da emergencia, obrigatório]]></notes>
<ownerDesignName>cp-01</ownerDesignName>
<engineerTo>
<item key="C7786DB7-0C6A-94C4-17EE-27EC2DAF0768" value="true"/>
</engineerTo>
<useDomainConstraints>false</useDomainConstraints>
<use>1</use>
<logicalDatatype>LOGDT024</logicalDatatype>
<dataTypeSize>5</dataTypeSize>
<ownDataTypeParameters>5,,</ownDataTypeParameters>
</Attribute>
<Attribute name="ID_PACIENTE" id="D28DCCEB-A18C-74ED-F8AC-E93E5C804781">
<createdBy>Matt</createdBy>
<createdTime>2025-04-11 08:46:22 UTC</createdTime>
<comment><![CDATA[Id do paciente, numero de identificação e chave primária]]></comment>
<generatorID>6E65DB04-E4C5-A698-6196-F07AF37C02BB</generatorID>
<ownerDesignName>cp-01</ownerDesignName>
<engineerTo>
<item key="C7786DB7-0C6A-94C4-17EE-27EC2DAF0768" value="true"/>
</engineerTo>
<referedAttribute>17F83EAB-D25C-6474-D179-D4FD17A68C60</referedAttribute>
<useDomainConstraints>false</useDomainConstraints>
<use>1</use>
<logicalDatatype>LOGDT019</logicalDatatype>
<dataTypePrecision>5</dataTypePrecision>
<ownDataTypeParameters>,,</ownDataTypeParameters>
</Attribute>
<Attribute name="NR_EMERGENCIA" id="8E5FF03A-40CB-98E7-DD7A-EDC06800F834">
<createdBy>Matt</createdBy>
<createdTime>2025-04-11 08:03:55 UTC</createdTime>
<comment><![CDATA[Telefone de contato de emergencia]]></comment>
<commentInRDBMS><![CDATA[Telefone de contato de emergencia]]></commentInRDBMS>
<notes><![CDATA[Telefone de contato de emergencia]]></notes>
<ownerDesignName>cp-01</ownerDesignName>
<engineerTo>
<item key="C7786DB7-0C6A-94C4-17EE-27EC2DAF0768" value="true"/>
</engineerTo>
<useDomainConstraints>false</useDomainConstraints>
<use>1</use>
<logicalDatatype>LOGDT024</logicalDatatype>
<dataTypeSize>15</dataTypeSize>
<ownDataTypeParameters>15,,</ownDataTypeParameters>
</Attribute>
<Attribute name="VCH_NOME" id="F48CF8C5-983F-809B-9E3D-E744506A308B">
<createdBy>Matt</createdBy>
<createdTime>2025-04-11 08:03:14 UTC</createdTime>
<comment><![CDATA[Nome da pessoa para entrar contato em caso de emergência.]]></comment>
<commentInRDBMS><![CDATA[Nome da pessoa para entrar contato em caso de emergência.]]></commentInRDBMS>
<notes><![CDATA[Nome da pessoa para entrar contato em caso de emergência.]]></notes>
<ownerDesignName>cp-01</ownerDesignName>
<engineerTo>
<item key="C7786DB7-0C6A-94C4-17EE-27EC2DAF0768" value="true"/>
</engineerTo>
<useDomainConstraints>false</useDomainConstraints>
<use>1</use>
<logicalDatatype>LOGDT024</logicalDatatype>
<dataTypeSize>30</dataTypeSize>
<ownDataTypeParameters>30,,</ownDataTypeParameters>
</Attribute>
<Attribute name="VCH_TL_CONTATO" id="3F195966-3E82-C445-D35C-A58665A1CF59">
<createdBy>Matt</createdBy>
<createdTime>2025-04-11 08:04:24 UTC</createdTime>
<comment><![CDATA[Tipo de contato, de quem pertence esse contato.]]></comment>
<commentInRDBMS><![CDATA[Tipo de contato, de quem pertence esse contato.]]></commentInRDBMS>
<notes><![CDATA[Tipo de contato, de quem pertence esse contato.]]></notes>
<ownerDesignName>cp-01</ownerDesignName>
<engineerTo>
<item key="C7786DB7-0C6A-94C4-17EE-27EC2DAF0768" value="true"/>
</engineerTo>
<useDomainConstraints>false</useDomainConstraints>
<use>1</use>
<logicalDatatype>LOGDT024</logicalDatatype>
<dataTypeSize>5</dataTypeSize>
<ownDataTypeParameters>5,,</ownDataTypeParameters>
</Attribute>
</attributes>
<identifiers itemClass="oracle.dbtools.crest.model.design.logical.CandidateKey">
<identifier id="B0F54E3A-2675-6D88-4F6D-03388D81E46D" name="emergencia PK">
<createdBy>Matt</createdBy>
<createdTime>2025-04-11 08:02:53 UTC</createdTime>
<ownerDesignName>cp-01</ownerDesignName>
<engineerTo>
<item key="C7786DB7-0C6A-94C4-17EE-27EC2DAF0768" value="true"/>
</engineerTo>
<pk>true</pk>
<usedAttributes>
<attributeRef>D97F7A18-213E-8709-E9C6-F77DC80DA76D</attributeRef>
<attributeRef>DD911F7C-8682-C569-A6BD-0828FBDDB5E0</attributeRef>
<attributeRef>D28DCCEB-A18C-74ED-F8AC-E93E5C804781</attributeRef>
</usedAttributes>
</identifier>
</identifiers>
</Entity>