<?xml version = '1.0' encoding = 'UTF-8'?>
<Entity class="oracle.dbtools.crest.model.design.logical.Entity" directorySegmentName="seg_0" id="25DD65A8-2B54-A4CF-E5DE-21C1AAACD6D4" name="T_PACIENTE">
<createdBy>Matt</createdBy>
<createdTime>2025-04-11 07:48:16 UTC</createdTime>
<ownerDesignName>cp-01</ownerDesignName>
<engineerTo>
<item key="C7786DB7-0C6A-94C4-17EE-27EC2DAF0768" value="true"/>
</engineerTo>
<adequatelyNormalized>NO</adequatelyNormalized>
<expectedVolumes>0</expectedVolumes>
<fwdEngineeringStrategyName>Single Table</fwdEngineeringStrategyName>
<growthPercent>0</growthPercent>
<growthType>Year</growthType>
<maxVolumes>9999999</maxVolumes>
<minVolumes>0</minVolumes>
<normalForm>Third</normalForm>
<attributes itemClass="oracle.dbtools.crest.model.design.logical.Attribute">
<Attribute name="ID_PACIENTE" id="17F83EAB-D25C-6474-D179-D4FD17A68C60">
<createdBy>Matt</createdBy>
<createdTime>2025-04-11 07:48:41 UTC</createdTime>
<comment><![CDATA[Id do paciente, numero de identificação e chave primária]]></comment>
<commentInRDBMS><![CDATA[Id do paciente, numero de identificação e chave primária]]></commentInRDBMS>
<notes><![CDATA[Id do paciente, numero de identificação e chave primária]]></notes>
<ownerDesignName>cp-01</ownerDesignName>
<engineerTo>
<item key="C7786DB7-0C6A-94C4-17EE-27EC2DAF0768" value="true"/>
</engineerTo>
<useDomainConstraints>false</useDomainConstraints>
<use>1</use>
<logicalDatatype>LOGDT019</logicalDatatype>
<dataTypePrecision>5</dataTypePrecision>
<ownDataTypeParameters>,5,</ownDataTypeParameters>
</Attribute>
<Attribute name="NM_COMPLETO" id="621B87A4-A63A-0269-23CB-3CE4F515C2DB">
<createdBy>Matt</createdBy>
<createdTime>2025-04-11 07:49:45 UTC</createdTime>
<comment><![CDATA[Nome completo do paciente para identificar o mesmo no banco de dados]]></comment>
<commentInRDBMS><![CDATA[Nome completo do paciente para identificar o mesmo no banco de dados]]></commentInRDBMS>
<notes><![CDATA[Nome completo do paciente para identificar o mesmo no banco de dados]]></notes>
<ownerDesignName>cp-01</ownerDesignName>
<engineerTo>
<item key="C7786DB7-0C6A-94C4-17EE-27EC2DAF0768" value="true"/>
</engineerTo>
<useDomainConstraints>false</useDomainConstraints>
<use>1</use>
<logicalDatatype>LOGDT024</logicalDatatype>
<dataTypeSize>30</dataTypeSize>
<ownDataTypeParameters>30,,</ownDataTypeParameters>
</Attribute>
<Attribute name="NM_CPF" id="32D5B73F-68C7-7BCB-BAB7-4C858005BECC">
<createdBy>Matt</createdBy>
<createdTime>2025-04-11 07:50:36 UTC</createdTime>
<comment><![CDATA[Numero do CPF para registro ou identificação do paciente]]></comment>
<commentInRDBMS><![CDATA[Numero do CPF para registro ou identificação do paciente]]></commentInRDBMS>
<notes><![CDATA[Numero do CPF para registro ou identificação do paciente]]></notes>
<ownerDesignName>cp-01</ownerDesignName>
<engineerTo>
<item key="C7786DB7-0C6A-94C4-17EE-27EC2DAF0768" value="true"/>
</engineerTo>
<useDomainConstraints>false</useDomainConstraints>
<use>1</use>
<logicalDatatype>LOGDT019</logicalDatatype>
<dataTypePrecision>11</dataTypePrecision>
<ownDataTypeParameters>,11,</ownDataTypeParameters>
</Attribute>
<Attribute name="NM_RG" id="470EDD8C-2233-837D-8055-751E02B2F1C3">
<createdBy>Matt</createdBy>
<createdTime>2025-04-11 07:51:17 UTC</createdTime>
<comment><![CDATA[Numero de Registro Geral (RG), usado para diferenciar os pacientes caso tenham o mesmo nome]]></comment>
<commentInRDBMS><![CDATA[Numero de Registro Geral (RG), usado para diferenciar os pacientes caso tenham o mesmo nome]]></commentInRDBMS>
<notes><![CDATA[Numero de Registro Geral (RG), usado para diferenciar os pacientes caso tenham o mesmo nome]]></notes>
<ownerDesignName>cp-01</ownerDesignName>
<engineerTo>
<item key="C7786DB7-0C6A-94C4-17EE-27EC2DAF0768" value="true"/>
</engineerTo>
<useDomainConstraints>false</useDomainConstraints>
<use>1</use>
<logicalDatatype>LOGDT019</logicalDatatype>
<dataTypePrecision>10</dataTypePrecision>
<ownDataTypeParameters>,10,</ownDataTypeParameters>
</Attribute>
<Attribute name="DT_NASCIMENTO" id="26E579E7-72B0-B080-CA9D-48E69E015660">
<createdBy>Matt</createdBy>
<createdTime>2025-04-11 07:52:23 UTC</createdTime>
<comment><![CDATA[Data de nascimento do paciente, informativo de idade]]></comment>
<commentInRDBMS><![CDATA[Data de nascimento do paciente, informativo de idade]]></commentInRDBMS>
<notes><![CDATA[Data de nascimento do paciente, informativo de idade]]></notes>
<ownerDesignName>cp-01</ownerDesignName>
<engineerTo>
<item key="C7786DB7-0C6A-94C4-17EE-27EC2DAF0768" value="true"/>
</engineerTo>
<useDomainConstraints>false</useDomainConstraints>
<use>1</use>
<logicalDatatype>LOGDT007</logicalDatatype>
<ownDataTypeParameters>,,</ownDataTypeParameters>
</Attribute>
<Attribute name="VCH_SEXO" id="384EC32F-7710-1201-AA67-2B63BD8DBF72">
<createdBy>Matt</createdBy>
<createdTime>2025-04-11 07:53:07 UTC</createdTime>
<comment><![CDATA[Sexo do cliente, identificação sexual ]]></comment>
<commentInRDBMS><![CDATA[Sexo do cliente, identificação sexual ]]></commentInRDBMS>
<notes><![CDATA[Sexo do cliente, identificação sexual ]]></notes>
<ownerDesignName>cp-01</ownerDesignName>
<engineerTo>
<item key="C7786DB7-0C6A-94C4-17EE-27EC2DAF0768" value="true"/>
</engineerTo>
<useDomainConstraints>false</useDomainConstraints>
<use>1</use>
<logicalDatatype>LOGDT024</logicalDatatype>
<ownDataTypeParameters>,,</ownDataTypeParameters>
</Attribute>
<Attribute name="VCH_ESCOLARIDADE" id="32622999-C006-6A4A-DB34-0533811CA1CF">
<createdBy>Matt</createdBy>
<createdTime>2025-04-11 07:54:15 UTC</createdTime>
<comment><![CDATA[Escolaridade do paciente, informativo escolaridade, qual grau de estudo]]></comment>
<commentInRDBMS><![CDATA[Escolaridade do paciente, informativo escolaridade, qual grau de estudo]]></commentInRDBMS>
<notes><![CDATA[Escolaridade do paciente, informativo escolaridade, qual grau de estudo]]></notes>
<ownerDesignName>cp-01</ownerDesignName>
<engineerTo>
<item key="C7786DB7-0C6A-94C4-17EE-27EC2DAF0768" value="true"/>
</engineerTo>
<useDomainConstraints>false</useDomainConstraints>
<use>1</use>
<logicalDatatype>LOGDT024</logicalDatatype>
<dataTypeSize>20</dataTypeSize>
<ownDataTypeParameters>20,,</ownDataTypeParameters>
</Attribute>
<Attribute name="ES_CIVIL" id="4ABE6455-46FD-F9C3-0DD8-2D8483954A0D">
<createdBy>Matt</createdBy>
<createdTime>2025-04-11 07:55:12 UTC</createdTime>
<comment><![CDATA[Estado civil do paciente, para saber se é casado, viúvo, etc...]]></comment>
<commentInRDBMS><![CDATA[Estado civil do paciente, para saber se é casado, viúvo, etc..]]></commentInRDBMS>
<notes><![CDATA[Estado civil do paciente, para saber se é casado, viúvo, etc...]]></notes>
<ownerDesignName>cp-01</ownerDesignName>
<engineerTo>
<item key="C7786DB7-0C6A-94C4-17EE-27EC2DAF0768" value="true"/>
</engineerTo>
<useDomainConstraints>false</useDomainConstraints>
<use>1</use>
<logicalDatatype>LOGDT024</logicalDatatype>
<dataTypeSize>10</dataTypeSize>
<ownDataTypeParameters>10,,</ownDataTypeParameters>
</Attribute>
<Attribute name="GR_SANGUINEO" id="23FA5D2E-F4CD-CE95-6C3E-473E7A12CCD1">
<createdBy>Matt</createdBy>
<createdTime>2025-04-11 07:56:10 UTC</createdTime>
<comment><![CDATA[Tipo sanguineo do cliente, bom para saber qual tipo sanguineo e qual tipo receber de sangue]]></comment>
<commentInRDBMS><![CDATA[Tipo sanguineo do cliente, bom para saber qual tipo sanguineo e qual tipo receber de sangue]]></commentInRDBMS>
<notes><![CDATA[Tipo sanguineo do cliente, bom para saber qual tipo sanguineo e qual tipo receber de sangue]]></notes>
<ownerDesignName>cp-01</ownerDesignName>
<engineerTo>
<item key="C7786DB7-0C6A-94C4-17EE-27EC2DAF0768" value="true"/>
</engineerTo>
<useDomainConstraints>false</useDomainConstraints>
<use>1</use>
<logicalDatatype>LOGDT024</logicalDatatype>
<dataTypeSize>3</dataTypeSize>
<ownDataTypeParameters>3,,</ownDataTypeParameters>
</Attribute>
<Attribute name="NR_ALTURA" id="9E83442C-1322-1FC7-8575-C276CF49CF3F">
<createdBy>Matt</createdBy>
<createdTime>2025-04-11 07:56:58 UTC</createdTime>
<comment><![CDATA[Tamano do paciente para informação geral]]></comment>
<commentInRDBMS><![CDATA[Tamano do paciente para informação geral]]></commentInRDBMS>
<notes><![CDATA[Tamano do paciente para informação geral]]></notes>
<ownerDesignName>cp-01</ownerDesignName>
<engineerTo>
<item key="C7786DB7-0C6A-94C4-17EE-27EC2DAF0768" value="true"/>
</engineerTo>
<useDomainConstraints>false</useDomainConstraints>
<use>1</use>
<logicalDatatype>LOGDT019</logicalDatatype>
<dataTypePrecision>5</dataTypePrecision>
<ownDataTypeParameters>,5,</ownDataTypeParameters>
</Attribute>
<Attribute name="NR_PESO" id="D2031754-956B-ECAB-6B56-50DB24912649">
<createdBy>Matt</createdBy>
<createdTime>2025-04-11 07:57:07 UTC</createdTime>
<comment><![CDATA[Peso do paciente, para saber futuras mudanças ao decorrer da consulta]]></comment>
<commentInRDBMS><![CDATA[Peso do paciente, para saber futuras mudanças ao decorrer da consulta]]></commentInRDBMS>
<notes><![CDATA[Peso do paciente, para saber futuras mudanças ao decorrer da consulta]]></notes>
<ownerDesignName>cp-01</ownerDesignName>
<engineerTo>
<item key="C7786DB7-0C6A-94C4-17EE-27EC2DAF0768" value="true"/>
</engineerTo>
<useDomainConstraints>false</useDomainConstraints>
<use>1</use>
<logicalDatatype>LOGDT019</logicalDatatype>
<dataTypePrecision>6</dataTypePrecision>
<ownDataTypeParameters>,6,</ownDataTypeParameters>
</Attribute>
<Attribute name="NR_PL_SAUDE" id="133C3F93-C867-3515-558B-37D5EAF2B342">
<createdBy>Matt</createdBy>
<createdTime>2025-04-11 07:59:14 UTC</createdTime>
<comment><![CDATA[Numero do plano de saude para identificação de qual plano e quais beneficios o cliente tem.]]></comment>
<commentInRDBMS><![CDATA[Numero do plano de saude para identificação de qual plano e quais beneficios o cliente tem.]]></commentInRDBMS>
<notes><![CDATA[Numero do plano de saude para identificação de qual plano e quais beneficios o cliente tem.]]></notes>
<ownerDesignName>cp-01</ownerDesignName>
<engineerTo>
<item key="C7786DB7-0C6A-94C4-17EE-27EC2DAF0768" value="true"/>
</engineerTo>
<useDomainConstraints>false</useDomainConstraints>
<use>1</use>
<logicalDatatype>LOGDT019</logicalDatatype>
<dataTypePrecision>15</dataTypePrecision>
<ownDataTypeParameters>,15,</ownDataTypeParameters>
</Attribute>
<Attribute name="VCH_EMAIL" id="3282F5B5-4F7C-1E40-08D7-68D4A1AF3CA6">
<createdBy>Matt</createdBy>
<createdTime>2025-04-11 07:59:59 UTC</createdTime>
<comment><![CDATA[E-mail de contato do paciente, mandar contratos de aceite]]></comment>
<commentInRDBMS><![CDATA[E-mail de contato do paciente, mandar contratos de aceite]]></commentInRDBMS>
<notes><![CDATA[E-mail de contato do paciente, mandar contratos de aceite]]></notes>
<ownerDesignName>cp-01</ownerDesignName>
<engineerTo>
<item key="C7786DB7-0C6A-94C4-17EE-27EC2DAF0768" value="true"/>
</engineerTo>
<nullsAllowed>true</nullsAllowed>
<useDomainConstraints>false</useDomainConstraints>
<use>1</use>
<logicalDatatype>LOGDT024</logicalDatatype>
<dataTypeSize>30</dataTypeSize>
<ownDataTypeParameters>30,,</ownDataTypeParameters>
</Attribute>
<Attribute name="NR_TL_CONTATO" id="6A61F4D5-9084-57BD-12D4-B931688EFBA5">
<createdBy>Matt</createdBy>
<createdTime>2025-04-11 08:00:56 UTC</createdTime>
<comment><![CDATA[Numero de contato do cliente para futuras mudanças ou informar algo que possa acontecer.]]></comment>
<commentInRDBMS><![CDATA[Numero de contato do cliente para futuras mudanças ou informar algo que possa acontecer.]]></commentInRDBMS>
<notes><![CDATA[Numero de contato do cliente para futuras mudanças ou informar algo que possa acontecer.]]></notes>
<ownerDesignName>cp-01</ownerDesignName>
<engineerTo>
<item key="C7786DB7-0C6A-94C4-17EE-27EC2DAF0768" value="true"/>
</engineerTo>
<useDomainConstraints>false</useDomainConstraints>
<use>1</use>
<logicalDatatype>LOGDT019</logicalDatatype>
<dataTypePrecision>15</dataTypePrecision>
<ownDataTypeParameters>,15,</ownDataTypeParameters>
</Attribute>
</attributes>
<identifiers itemClass="oracle.dbtools.crest.model.design.logical.CandidateKey">
<identifier id="2CF981F0-E025-B205-D88A-262242958A46" name="t_paciente PK">
<createdBy>Matt</createdBy>
<createdTime>2025-04-11 07:49:20 UTC</createdTime>
<ownerDesignName>cp-01</ownerDesignName>
<engineerTo>
<item key="C7786DB7-0C6A-94C4-17EE-27EC2DAF0768" value="true"/>
</engineerTo>
<pk>true</pk>
<usedAttributes>
<attributeRef>17F83EAB-D25C-6474-D179-D4FD17A68C60</attributeRef>
</usedAttributes>
</identifier>
</identifiers>
</Entity>