<?xml version = '1.0' encoding = 'UTF-8'?>
<Entity class="oracle.dbtools.crest.model.design.logical.Entity" directorySegmentName="seg_0" id="47D591BE-16B4-152D-1724-6242741BCF7F" name="T_ENDERECO">
<createdBy>Matt</createdBy>
<createdTime>2025-04-11 08:47:18 UTC</createdTime>
<ownerDesignName>cp-01</ownerDesignName>
<engineerTo>
<item key="C7786DB7-0C6A-94C4-17EE-27EC2DAF0768" value="true"/>
</engineerTo>
<adequatelyNormalized>NO</adequatelyNormalized>
<expectedVolumes>0</expectedVolumes>
<fwdEngineeringStrategyName>Single Table</fwdEngineeringStrategyName>
<growthPercent>0</growthPercent>
<growthType>Year</growthType>
<maxVolumes>9999999</maxVolumes>
<minVolumes>0</minVolumes>
<normalForm>Third</normalForm>
<attributes itemClass="oracle.dbtools.crest.model.design.logical.Attribute">
<Attribute name="ID_ENDERECO" id="D42ACDA2-C4FD-8B3F-AC32-AEB6305CB8CE">
<createdBy>Matt</createdBy>
<createdTime>2025-04-11 08:47:28 UTC</createdTime>
<comment><![CDATA[Identificado do endereço, chave primaria]]></comment>
<commentInRDBMS><![CDATA[Identificado do endereço, chave primaria]]></commentInRDBMS>
<notes><![CDATA[Identificado do endereço, chave primaria]]></notes>
<ownerDesignName>cp-01</ownerDesignName>
<engineerTo>
<item key="C7786DB7-0C6A-94C4-17EE-27EC2DAF0768" value="true"/>
</engineerTo>
<useDomainConstraints>false</useDomainConstraints>
<use>1</use>
<logicalDatatype>LOGDT024</logicalDatatype>
<dataTypeSize>5</dataTypeSize>
<ownDataTypeParameters>5,,</ownDataTypeParameters>
</Attribute>
<Attribute name="ID_PACIENTE" id="DFD93C2B-8A54-1D20-00C5-6D8399370109">
<createdBy>Matt</createdBy>
<createdTime>2025-04-11 17:51:02 UTC</createdTime>
<comment><![CDATA[Id do paciente, numero de identificação e chave primária]]></comment>
<generatorID>FF2C3F8B-0CAF-78DF-B1D2-C425CAD8D65C</generatorID>
<ownerDesignName>cp-01</ownerDesignName>
<engineerTo>
<item key="C7786DB7-0C6A-94C4-17EE-27EC2DAF0768" value="true"/>
</engineerTo>
<referedAttribute>17F83EAB-D25C-6474-D179-D4FD17A68C60</referedAttribute>
<useDomainConstraints>false</useDomainConstraints>
<use>1</use>
<logicalDatatype>LOGDT019</logicalDatatype>
<dataTypePrecision>5</dataTypePrecision>
<ownDataTypeParameters>,,</ownDataTypeParameters>
</Attribute>
<Attribute name="NM_LOGRADOURO" id="6FC54D72-229F-1E64-9FA0-BB20E7D2B2A8">
<createdBy>Matt</createdBy>
<createdTime>2025-04-11 08:48:55 UTC</createdTime>
<comment><![CDATA[Nome do logradouro cujo endereço está vinculado]]></comment>
<commentInRDBMS><![CDATA[Nome do logradouro cujo endereço está vinculado]]></commentInRDBMS>
<notes><![CDATA[Nome do logradouro cujo endereço está vinculado]]></notes>
<ownerDesignName>cp-01</ownerDesignName>
<engineerTo>
<item key="C7786DB7-0C6A-94C4-17EE-27EC2DAF0768" value="true"/>
</engineerTo>
<useDomainConstraints>false</useDomainConstraints>
<use>1</use>
<logicalDatatype>LOGDT024</logicalDatatype>
<dataTypeSize>40</dataTypeSize>
<ownDataTypeParameters>40,,</ownDataTypeParameters>
</Attribute>
<Attribute name="NM_BAIRRO" id="372C7D76-DC4B-C9E7-CAA3-712AD34999F1">
<createdBy>Matt</createdBy>
<createdTime>2025-04-11 08:50:37 UTC</createdTime>
<comment><![CDATA[Nome do bairro cujo está o endereço do paciente.]]></comment>
<commentInRDBMS><![CDATA[Nome do bairro cujo está o endereço do paciente.]]></commentInRDBMS>
<notes><![CDATA[Nome do bairro cujo está o endereço do paciente.]]></notes>
<ownerDesignName>cp-01</ownerDesignName>
<engineerTo>
<item key="C7786DB7-0C6A-94C4-17EE-27EC2DAF0768" value="true"/>
</engineerTo>
<nullsAllowed>true</nullsAllowed>
<useDomainConstraints>false</useDomainConstraints>
<use>1</use>
<logicalDatatype>LOGDT024</logicalDatatype>
<dataTypeSize>15</dataTypeSize>
<ownDataTypeParameters>15,,</ownDataTypeParameters>
</Attribute>
<Attribute name="NM_CIDADE" id="4701AB57-E0C8-441A-B1B1-2787334719C1">
<createdBy>Matt</createdBy>
<createdTime>2025-04-11 08:51:59 UTC</createdTime>
<comment><![CDATA[Nome da cidade onde o paciente está morando]]></comment>
<commentInRDBMS><![CDATA[Nome da cidade onde o paciente está morando]]></commentInRDBMS>
<notes><![CDATA[Nome da cidade onde o paciente está morando]]></notes>
<ownerDesignName>cp-01</ownerDesignName>
<engineerTo>
<item key="C7786DB7-0C6A-94C4-17EE-27EC2DAF0768" value="true"/>
</engineerTo>
<useDomainConstraints>false</useDomainConstraints>
<use>1</use>
<logicalDatatype>LOGDT024</logicalDatatype>
<dataTypeSize>15</dataTypeSize>
<ownDataTypeParameters>15,,</ownDataTypeParameters>
</Attribute>
<Attribute name="NM_ESTADO" id="27D7EDB9-4F5A-B4E0-8A7A-CD30E68B8002">
<createdBy>Matt</createdBy>
<createdTime>2025-04-11 08:52:51 UTC</createdTime>
<comment><![CDATA[Nome do estado localizado]]></comment>
<commentInRDBMS><![CDATA[Nome do estado localizado]]></commentInRDBMS>
<notes><![CDATA[Nome do estado localizado]]></notes>
<ownerDesignName>cp-01</ownerDesignName>
<engineerTo>
<item key="C7786DB7-0C6A-94C4-17EE-27EC2DAF0768" value="true"/>
</engineerTo>
<useDomainConstraints>false</useDomainConstraints>
<use>1</use>
<logicalDatatype>LOGDT024</logicalDatatype>
<dataTypeSize>10</dataTypeSize>
<ownDataTypeParameters>10,,</ownDataTypeParameters>
</Attribute>
<Attribute name="NR_CEP" id="CEFDFCDD-C90D-F135-83A3-E691765C29A5">
<createdBy>Matt</createdBy>
<createdTime>2025-04-11 08:53:21 UTC</createdTime>
<comment><![CDATA[Numero do cep da residencia do paciente]]></comment>
<commentInRDBMS><![CDATA[Numero do cep da residencia do paciente]]></commentInRDBMS>
<notes><![CDATA[Numero do cep da residencia do paciente]]></notes>
<ownerDesignName>cp-01</ownerDesignName>
<engineerTo>
<item key="C7786DB7-0C6A-94C4-17EE-27EC2DAF0768" value="true"/>
</engineerTo>
<useDomainConstraints>false</useDomainConstraints>
<use>1</use>
<logicalDatatype>LOGDT019</logicalDatatype>
<dataTypePrecision>10</dataTypePrecision>
<ownDataTypeParameters>,10,</ownDataTypeParameters>
</Attribute>
<Attribute name="NR_LOGRADOURO" id="E129513B-DB7B-74B7-EAD2-78C98E5D5E21">
<createdBy>Matt</createdBy>
<createdTime>2025-04-11 08:54:16 UTC</createdTime>
<comment><![CDATA[Numero do endereço da residencia do paciente]]></comment>
<commentInRDBMS><![CDATA[Numero do endereço da residencia do paciente]]></commentInRDBMS>
<notes><![CDATA[Numero do endereço da residencia do paciente]]></notes>
<ownerDesignName>cp-01</ownerDesignName>
<engineerTo>
<item key="C7786DB7-0C6A-94C4-17EE-27EC2DAF0768" value="true"/>
</engineerTo>
<useDomainConstraints>false</useDomainConstraints>
<use>1</use>
<logicalDatatype>LOGDT019</logicalDatatype>
<dataTypePrecision>6</dataTypePrecision>
<ownDataTypeParameters>,6,</ownDataTypeParameters>
</Attribute>
<Attribute name="PONTO_REFERENCIA" id="83D7AA05-79BD-1527-60F7-B6B06A9E682C">
<createdBy>Matt</createdBy>
<createdTime>2025-04-11 08:54:53 UTC</createdTime>
<comment><![CDATA[Ponto de referencia para ajudar a localizar a residencia do paciente]]></comment>
<commentInRDBMS><![CDATA[Ponto de referencia para ajudar a localizar a residencia do paciente]]></commentInRDBMS>
<notes><![CDATA[Ponto de referencia para ajudar a localizar a residencia do paciente]]></notes>
<ownerDesignName>cp-01</ownerDesignName>
<engineerTo>
<item key="C7786DB7-0C6A-94C4-17EE-27EC2DAF0768" value="true"/>
</engineerTo>
<nullsAllowed>true</nullsAllowed>
<useDomainConstraints>false</useDomainConstraints>
<use>1</use>
<logicalDatatype>LOGDT024</logicalDatatype>
<dataTypeSize>40</dataTypeSize>
<ownDataTypeParameters>40,,</ownDataTypeParameters>
</Attribute>
</attributes>
<identifiers itemClass="oracle.dbtools.crest.model.design.logical.CandidateKey">
<identifier id="F17938A5-AC24-90CA-E620-794717AA4601" name="T_ENDERECO PK">
<createdBy>Matt</createdBy>
<createdTime>2025-04-11 08:48:38 UTC</createdTime>
<ownerDesignName>cp-01</ownerDesignName>
<engineerTo>
<item key="C7786DB7-0C6A-94C4-17EE-27EC2DAF0768" value="true"/>
</engineerTo>
<pk>true</pk>
<usedAttributes>
<attributeRef>D42ACDA2-C4FD-8B3F-AC32-AEB6305CB8CE</attributeRef>
</usedAttributes>
</identifier>
</identifiers>
</Entity>