<?xml version = '1.0' encoding = 'UTF-8'?>
<Entity class="oracle.dbtools.crest.model.design.logical.Entity" directorySegmentName="seg_0" id="69421DE8-F533-D346-B030-D6DB1C0B411C" name="T_PLANO_DE_SAUDE">
<createdBy>Matt</createdBy>
<createdTime>2025-04-11 08:57:13 UTC</createdTime>
<ownerDesignName>cp-01</ownerDesignName>
<engineerTo>
<item key="C7786DB7-0C6A-94C4-17EE-27EC2DAF0768" value="true"/>
</engineerTo>
<adequatelyNormalized>NO</adequatelyNormalized>
<expectedVolumes>0</expectedVolumes>
<fwdEngineeringStrategyName>Single Table</fwdEngineeringStrategyName>
<growthPercent>0</growthPercent>
<growthType>Year</growthType>
<maxVolumes>9999999</maxVolumes>
<minVolumes>0</minVolumes>
<normalForm>Third</normalForm>
<attributes itemClass="oracle.dbtools.crest.model.design.logical.Attribute">
<Attribute name="ID_PLANO_DE_SAUDE" id="A7C4806F-1347-B3EC-DB04-5AAEA8DA3224">
<createdBy>Matt</createdBy>
<createdTime>2025-04-11 08:57:59 UTC</createdTime>
<comment><![CDATA[Numero de identificação do plano de saude para facilitar a busca do plano]]></comment>
<commentInRDBMS><![CDATA[Numero de identificação do plano de saude para facilitar a busca do plano]]></commentInRDBMS>
<notes><![CDATA[Numero de identificação do plano de saude para facilitar a busca do plano]]></notes>
<ownerDesignName>cp-01</ownerDesignName>
<engineerTo>
<item key="C7786DB7-0C6A-94C4-17EE-27EC2DAF0768" value="true"/>
</engineerTo>
<useDomainConstraints>false</useDomainConstraints>
<use>1</use>
<logicalDatatype>LOGDT019</logicalDatatype>
<dataTypePrecision>5</dataTypePrecision>
<ownDataTypeParameters>,5,</ownDataTypeParameters>
</Attribute>
<Attribute name="NM_FANTASIA" id="99E6C004-8478-4283-EF1B-827C423192F6">
<createdBy>Matt</createdBy>
<createdTime>2025-04-11 09:01:09 UTC</createdTime>
<comment><![CDATA[Nome fantasia do plano de saude]]></comment>
<commentInRDBMS><![CDATA[Nome fantasia do plano de saude]]></commentInRDBMS>
<notes><![CDATA[Nome fantasia do plano de saude]]></notes>
<ownerDesignName>cp-01</ownerDesignName>
<engineerTo>
<item key="C7786DB7-0C6A-94C4-17EE-27EC2DAF0768" value="true"/>
</engineerTo>
<useDomainConstraints>false</useDomainConstraints>
<use>1</use>
<logicalDatatype>LOGDT024</logicalDatatype>
<dataTypeSize>40</dataTypeSize>
<ownDataTypeParameters>40,,</ownDataTypeParameters>
</Attribute>
<Attribute name="NM_RAZAO_SOCIAL" id="B6300D03-6CD6-7DDB-696E-51B1B3A5E08A">
<createdBy>Matt</createdBy>
<createdTime>2025-04-11 09:01:41 UTC</createdTime>
<comment><![CDATA[Nome da razão social do paciente]]></comment>
<commentInRDBMS><![CDATA[Nome da razão social do paciente]]></commentInRDBMS>
<notes><![CDATA[Nome da razão social do paciente]]></notes>
<ownerDesignName>cp-01</ownerDesignName>
<engineerTo>
<item key="C7786DB7-0C6A-94C4-17EE-27EC2DAF0768" value="true"/>
</engineerTo>
<useDomainConstraints>false</useDomainConstraints>
<use>1</use>
<logicalDatatype>LOGDT024</logicalDatatype>
<dataTypeSize>40</dataTypeSize>
<ownDataTypeParameters>40,,</ownDataTypeParameters>
</Attribute>
<Attribute name="NR_CNPJ" id="444902B9-CA7A-65B5-A029-C517A768305E">
<createdBy>Matt</createdBy>
<createdTime>2025-04-11 09:02:41 UTC</createdTime>
<comment><![CDATA[Numero de CNPJ]]></comment>
<commentInRDBMS><![CDATA[Numero de CNPJ]]></commentInRDBMS>
<notes><![CDATA[Numero de CNPJ]]></notes>
<ownerDesignName>cp-01</ownerDesignName>
<engineerTo>
<item key="C7786DB7-0C6A-94C4-17EE-27EC2DAF0768" value="true"/>
</engineerTo>
<useDomainConstraints>false</useDomainConstraints>
<use>1</use>
<logicalDatatype>LOGDT019</logicalDatatype>
<dataTypePrecision>15</dataTypePrecision>
<ownDataTypeParameters>,15,</ownDataTypeParameters>
</Attribute>
<Attribute name="NR_CONTATO" id="9EFCC2AD-037F-933C-9632-F8B58E3B653F">
<createdBy>Matt</createdBy>
<createdTime>2025-04-11 09:03:12 UTC</createdTime>
<comment><![CDATA[Numero de contato do plano de saude]]></comment>
<commentInRDBMS><![CDATA[Numero de contato do plano de saude]]></commentInRDBMS>
<notes><![CDATA[Numero de contato do plano de saude]]></notes>
<ownerDesignName>cp-01</ownerDesignName>
<engineerTo>
<item key="C7786DB7-0C6A-94C4-17EE-27EC2DAF0768" value="true"/>
</engineerTo>
<useDomainConstraints>false</useDomainConstraints>
<use>1</use>
<logicalDatatype>LOGDT019</logicalDatatype>
<dataTypePrecision>20</dataTypePrecision>
<ownDataTypeParameters>,20,</ownDataTypeParameters>
</Attribute>
<Attribute name="NR_TELEFONE" id="8F57964B-0166-0429-7EB3-D179F7B2551B">
<createdBy>Matt</createdBy>
<createdTime>2025-04-11 09:04:07 UTC</createdTime>
<comment><![CDATA[Numero de telefone para contato do plano de saude]]></comment>
<commentInRDBMS><![CDATA[Numero de telefone para contato do plano de saude]]></commentInRDBMS>
<notes><![CDATA[Numero de telefone para contato do plano de saude]]></notes>
<ownerDesignName>cp-01</ownerDesignName>
<engineerTo>
<item key="C7786DB7-0C6A-94C4-17EE-27EC2DAF0768" value="true"/>
</engineerTo>
<useDomainConstraints>false</useDomainConstraints>
<use>1</use>
<logicalDatatype>LOGDT019</logicalDatatype>
<dataTypePrecision>15</dataTypePrecision>
<ownDataTypeParameters>,15,</ownDataTypeParameters>
</Attribute>
<Attribute name="ID_PACIENTE_PLANO" id="342C21CE-F31F-801A-DB4F-AA59DFAD136B">
<createdBy>Matt</createdBy>
<createdTime>2025-04-11 18:56:15 UTC</createdTime>
<comment><![CDATA[Numero do paciante que possui o plano, chave primária]]></comment>
<generatorID>C1C7F1FA-B1D2-DDFA-82BD-71E2C055CDFA</generatorID>
<ownerDesignName>cp-01</ownerDesignName>
<engineerTo>
<item key="C7786DB7-0C6A-94C4-17EE-27EC2DAF0768" value="true"/>
</engineerTo>
<referedAttribute>725DCCE4-94D3-AEC4-5A6E-8F13C65C98E4</referedAttribute>
<useDomainConstraints>false</useDomainConstraints>
<use>1</use>
<logicalDatatype>LOGDT019</logicalDatatype>
<dataTypePrecision>5</dataTypePrecision>
<ownDataTypeParameters>,,</ownDataTypeParameters>
</Attribute>
</attributes>
<identifiers itemClass="oracle.dbtools.crest.model.design.logical.CandidateKey">
<identifier id="E7D6D75B-2473-C9A3-FFF2-E82F906043D9" name="T_PLANO_DE_SAUDE PK">
<createdBy>Matt</createdBy>
<createdTime>2025-04-11 08:58:49 UTC</createdTime>
<ownerDesignName>cp-01</ownerDesignName>
<engineerTo>
<item key="C7786DB7-0C6A-94C4-17EE-27EC2DAF0768" value="true"/>
</engineerTo>
<pk>true</pk>
<usedAttributes>
<attributeRef>A7C4806F-1347-B3EC-DB04-5AAEA8DA3224</attributeRef>
</usedAttributes>
</identifier>
</identifiers>
</Entity>