<?xml version = '1.0' encoding = 'UTF-8'?>
<Entity class="oracle.dbtools.crest.model.design.logical.Entity" directorySegmentName="seg_0" id="CA814C9A-88A5-F4BC-39C8-4F6FCBE06F5C" name="T_PACIENTE_PLANO">
<createdBy>Matt</createdBy>
<createdTime>2025-04-11 17:51:36 UTC</createdTime>
<ownerDesignName>cp-01</ownerDesignName>
<engineerTo>
<item key="C7786DB7-0C6A-94C4-17EE-27EC2DAF0768" value="true"/>
</engineerTo>
<adequatelyNormalized>NO</adequatelyNormalized>
<expectedVolumes>0</expectedVolumes>
<fwdEngineeringStrategyName>Single Table</fwdEngineeringStrategyName>
<growthPercent>0</growthPercent>
<growthType>Year</growthType>
<maxVolumes>9999999</maxVolumes>
<minVolumes>0</minVolumes>
<normalForm>Third</normalForm>
<attributes itemClass="oracle.dbtools.crest.model.design.logical.Attribute">
<Attribute name="ID_PACIENTE_PLANO" id="725DCCE4-94D3-AEC4-5A6E-8F13C65C98E4">
<createdBy>Matt</createdBy>
<createdTime>2025-04-11 17:54:10 UTC</createdTime>
<comment><![CDATA[Numero do paciante que possui o plano, chave primária]]></comment>
<commentInRDBMS><![CDATA[Numero do paciante que possui o plano, chave primária]]></commentInRDBMS>
<notes><![CDATA[Numero do paciante que possui o plano, chave primária]]></notes>
<ownerDesignName>cp-01</ownerDesignName>
<engineerTo>
<item key="C7786DB7-0C6A-94C4-17EE-27EC2DAF0768" value="true"/>
</engineerTo>
<useDomainConstraints>false</useDomainConstraints>
<use>1</use>
<logicalDatatype>LOGDT019</logicalDatatype>
<dataTypePrecision>5</dataTypePrecision>
<ownDataTypeParameters>,5,</ownDataTypeParameters>
</Attribute>
<Attribute name="ID_PACIENTE" id="63406FB1-E71C-BF7E-3C3A-B97D25815B17">
<createdBy>Matt</createdBy>
<createdTime>2025-04-11 17:59:10 UTC</createdTime>
<comment><![CDATA[Id do paciente, numero de identificação e chave primária]]></comment>
<generatorID>9327508B-64F2-EF8F-A9CE-C48A6CF8771E</generatorID>
<ownerDesignName>cp-01</ownerDesignName>
<engineerTo>
<item key="C7786DB7-0C6A-94C4-17EE-27EC2DAF0768" value="true"/>
</engineerTo>
<referedAttribute>17F83EAB-D25C-6474-D179-D4FD17A68C60</referedAttribute>
<useDomainConstraints>false</useDomainConstraints>
<use>1</use>
<logicalDatatype>LOGDT019</logicalDatatype>
<dataTypePrecision>5</dataTypePrecision>
<ownDataTypeParameters>,,</ownDataTypeParameters>
</Attribute>
<Attribute name="DT_INICIO" id="8256FB25-E532-8F59-76D3-A36AC38F0ECD">
<createdBy>Matt</createdBy>
<createdTime>2025-04-11 17:52:35 UTC</createdTime>
<comment><![CDATA[Data de inicio do plano de saúde]]></comment>
<commentInRDBMS><![CDATA[Data de inicio do plano de saúde]]></commentInRDBMS>
<notes><![CDATA[Data de inicio do plano de saúde]]></notes>
<ownerDesignName>cp-01</ownerDesignName>
<engineerTo>
<item key="C7786DB7-0C6A-94C4-17EE-27EC2DAF0768" value="true"/>
</engineerTo>
<useDomainConstraints>false</useDomainConstraints>
<use>1</use>
<logicalDatatype>LOGDT007</logicalDatatype>
<ownDataTypeParameters>,,</ownDataTypeParameters>
</Attribute>
<Attribute name="DT_TERMINO" id="5C35380B-8125-83F4-BB76-43A42BA1BA96">
<createdBy>Matt</createdBy>
<createdTime>2025-04-11 17:56:20 UTC</createdTime>
<comment><![CDATA[Data de término do plano de saude]]></comment>
<commentInRDBMS><![CDATA[Data de término do plano de saude]]></commentInRDBMS>
<notes><![CDATA[Data de término do plano de saude]]></notes>
<ownerDesignName>cp-01</ownerDesignName>
<engineerTo>
<item key="C7786DB7-0C6A-94C4-17EE-27EC2DAF0768" value="true"/>
</engineerTo>
<useDomainConstraints>false</useDomainConstraints>
<use>1</use>
<logicalDatatype>LOGDT007</logicalDatatype>
<ownDataTypeParameters>,,</ownDataTypeParameters>
</Attribute>
<Attribute name="VCH_DESCRICAO" id="9BC18588-D2A8-B268-53F7-655B7951387F">
<createdBy>Matt</createdBy>
<createdTime>2025-04-11 17:57:12 UTC</createdTime>
<comment><![CDATA[Descrição do plano de saude de cada paciante]]></comment>
<commentInRDBMS><![CDATA[Descrição do plano de saude de cada paciante]]></commentInRDBMS>
<notes><![CDATA[Descrição do plano de saude de cada paciante]]></notes>
<ownerDesignName>cp-01</ownerDesignName>
<engineerTo>
<item key="C7786DB7-0C6A-94C4-17EE-27EC2DAF0768" value="true"/>
</engineerTo>
<nullsAllowed>true</nullsAllowed>
<useDomainConstraints>false</useDomainConstraints>
<use>1</use>
<logicalDatatype>LOGDT024</logicalDatatype>
<dataTypeSize>50</dataTypeSize>
<ownDataTypeParameters>50,,</ownDataTypeParameters>
</Attribute>
</attributes>
<identifiers itemClass="oracle.dbtools.crest.model.design.logical.CandidateKey">
<identifier id="9F735E9C-D460-F8A8-3E18-E37F901F03A7" name="T_PACIENTE_PLANO PK">
<createdBy>Matt</createdBy>
<createdTime>2025-04-11 17:54:47 UTC</createdTime>
<ownerDesignName>cp-01</ownerDesignName>
<engineerTo>
<item key="C7786DB7-0C6A-94C4-17EE-27EC2DAF0768" value="true"/>
</engineerTo>
<pk>true</pk>
<usedAttributes>
<attributeRef>725DCCE4-94D3-AEC4-5A6E-8F13C65C98E4</attributeRef>
</usedAttributes>
</identifier>
</identifiers>
</Entity>