<?xml version = '1.0' encoding = 'UTF-8'?>
<Relation class="oracle.dbtools.crest.model.design.logical.Relation" name="FK_VB_PEDIDO_ITENS" directorySegmentName="seg_0" id="0092B1B3-7CB7-44B0-819A-C0DF86338EB3">
<createdBy>willi</createdBy>
<createdTime>2024-03-26 00:56:28 UTC</createdTime>
<ownerDesignName>vendebem</ownerDesignName>
<engineerTo>
<item key="3B900023-A8F4-1D43-7275-0ABB8837388D" value="true"/>
</engineerTo>
<sourcePk>69E11199-DCDC-53E1-DDD1-A1B91D49537F</sourcePk>
<identifying>true</identifying>
<optionalSource>true</optionalSource>
<optionalTarget>false</optionalTarget>
<sourceCardinality>1</sourceCardinality>
<sourceEntity>1498D869-CF91-FD2B-9D5E-7C13A11FAEBD</sourceEntity>
<targetCardinalityString>*</targetCardinalityString>
<targetEntity>9F6974F9-B448-7A93-14D7-265522384A18</targetEntity>
<transferable>true</transferable>
<deleteRule>NO ACTION</deleteRule>
</Relation>