<?xml version = '1.0' encoding = 'UTF-8'?>
<Relation class="oracle.dbtools.crest.model.design.logical.Relation" name="FK_VB_ESTABELECIMENTO_ENDERECO" directorySegmentName="seg_0" id="1FEBB59A-8C7D-F37C-CD4E-781204FD2140">
<createdBy>willi</createdBy>
<createdTime>2024-03-26 00:51:48 UTC</createdTime>
<ownerDesignName>vendebem</ownerDesignName>
<engineerTo>
<item key="3B900023-A8F4-1D43-7275-0ABB8837388D" value="true"/>
</engineerTo>
<sourcePk>87E4DD7C-942D-39FF-6863-49091F0A61C3</sourcePk>
<identifying>true</identifying>
<optionalSource>true</optionalSource>
<optionalTarget>false</optionalTarget>
<sourceCardinality>1</sourceCardinality>
<sourceEntity>8E0AFA2B-0FA3-1EFA-CFE8-78CF1BB8472F</sourceEntity>
<targetCardinalityString>*</targetCardinalityString>
<targetEntity>E7118554-C19A-147C-810C-19AE00FC004C</targetEntity>
<transferable>true</transferable>
<deleteRule>NO ACTION</deleteRule>
</Relation>