<?xml version = '1.0' encoding = 'UTF-8'?>
<Relation class="oracle.dbtools.crest.model.design.logical.Relation" name="FK_VB_ESTABELECIMENTO_PEDIDO" directorySegmentName="seg_0" id="DB8FD6B8-33BD-014E-9510-02735D2E4685">
<createdBy>willi</createdBy>
<createdTime>2024-03-26 00:54:59 UTC</createdTime>
<ownerDesignName>vendebem</ownerDesignName>
<engineerTo>
<item key="3B900023-A8F4-1D43-7275-0ABB8837388D" value="true"/>
</engineerTo>
<sourcePk>87E4DD7C-942D-39FF-6863-49091F0A61C3</sourcePk>
<identifying>false</identifying>
<optionalSource>true</optionalSource>
<optionalTarget>false</optionalTarget>
<sourceCardinality>1</sourceCardinality>
<sourceEntity>8E0AFA2B-0FA3-1EFA-CFE8-78CF1BB8472F</sourceEntity>
<targetCardinalityString>*</targetCardinalityString>
<targetEntity>1498D869-CF91-FD2B-9D5E-7C13A11FAEBD</targetEntity>
<transferable>true</transferable>
<deleteRule>NO ACTION</deleteRule>
</Relation>