<?xml version = '1.0' encoding = 'UTF-8'?>
<Relation class="oracle.dbtools.crest.model.design.logical.Relation" name="FK_VB_PRODUTO_ITENS" directorySegmentName="seg_0" id="FD95E3B2-2C9C-1A7B-1BD5-CF55432C9251">
<createdBy>willi</createdBy>
<createdTime>2024-03-26 00:57:57 UTC</createdTime>
<ownerDesignName>vendebem</ownerDesignName>
<engineerTo>
<item key="3B900023-A8F4-1D43-7275-0ABB8837388D" value="true"/>
</engineerTo>
<sourcePk>4BF33063-3420-A5ED-1B2B-E1BC1C96806B</sourcePk>
<identifying>true</identifying>
<optionalSource>true</optionalSource>
<optionalTarget>false</optionalTarget>
<sourceCardinality>1</sourceCardinality>
<sourceEntity>A1B843C4-6515-6955-2513-A1FA92A4D36D</sourceEntity>
<targetCardinalityString>*</targetCardinalityString>
<targetEntity>9F6974F9-B448-7A93-14D7-265522384A18</targetEntity>
<transferable>true</transferable>
<deleteRule>NO ACTION</deleteRule>
</Relation>