<?xml version = '1.0' encoding = 'UTF-8'?>
<Entity class="oracle.dbtools.crest.model.design.logical.Entity" directorySegmentName="seg_0" id="6947421A-9878-823E-8493-70F526B765D4" name="T_MEDICO">
<createdBy>Gustavo Padlipskas</createdBy>
<createdTime>2020-07-27 17:28:03 UTC</createdTime>
<ownerDesignName>Slide_20</ownerDesignName>
<engineerTo>
<item key="11BA9E03-EC11-10C9-753A-C0E836C1D9E8" value="true"/>
</engineerTo>
<adequatelyNormalized>NO</adequatelyNormalized>
<expectedVolumes>0</expectedVolumes>
<fwdEngineeringStrategyName>Single Table</fwdEngineeringStrategyName>
<growthPercent>0</growthPercent>
<growthType>Year</growthType>
<maxVolumes>9999999</maxVolumes>
<minVolumes>0</minVolumes>
<normalForm>Third</normalForm>
<attributes itemClass="oracle.dbtools.crest.model.design.logical.Attribute">
<Attribute name="nr_crm" id="92C1671B-5E5D-8F8E-F077-2122094A40F0">
<createdBy>Gustavo Padlipskas</createdBy>
<createdTime>2020-07-27 17:28:19 UTC</createdTime>
<ownerDesignName>Slide_20</ownerDesignName>
<engineerTo>
<item key="11BA9E03-EC11-10C9-753A-C0E836C1D9E8" value="true"/>
</engineerTo>
<useDomainConstraints>false</useDomainConstraints>
<use>1</use>
<logicalDatatype>LOGDT019</logicalDatatype>
<dataTypePrecision>8</dataTypePrecision>
<ownDataTypeParameters>,8,</ownDataTypeParameters>
</Attribute>
<Attribute name="dt_registro_crm" id="A2645045-FEF5-0A5C-7C60-B54B5A091DB1">
<createdBy>Gustavo Padlipskas</createdBy>
<createdTime>2021-05-24 17:58:51 UTC</createdTime>
<ownerDesignName>Slide_20</ownerDesignName>
<engineerTo>
<item key="11BA9E03-EC11-10C9-753A-C0E836C1D9E8" value="true"/>
</engineerTo>
<nullsAllowed>true</nullsAllowed>
<useDomainConstraints>false</useDomainConstraints>
<use>1</use>
<logicalDatatype>LOGDT007</logicalDatatype>
<ownDataTypeParameters>,,</ownDataTypeParameters>
</Attribute>
</attributes>
<identifiers itemClass="oracle.dbtools.crest.model.design.logical.CandidateKey">
<identifier id="C1164E81-F3E8-F86D-81B6-79A6F219C1FE" name="T_MEDICO PK">
<createdBy>Gustavo Padlipskas</createdBy>
<createdTime>2021-05-24 18:08:23 UTC</createdTime>
<ownerDesignName>Slide_20</ownerDesignName>
<engineerTo>
<item key="11BA9E03-EC11-10C9-753A-C0E836C1D9E8" value="true"/>
</engineerTo>
<pk>true</pk>
</identifier>
</identifiers>
</Entity>