<?xml version = '1.0' encoding = 'UTF-8'?>
<Entity class="oracle.dbtools.crest.model.design.logical.Entity" directorySegmentName="seg_0" id="730D85CC-0FF6-100E-5AC6-3D0F3229EBFB" name="T_SECRETARIA">
<createdBy>Gustavo Padlipskas</createdBy>
<createdTime>2020-07-27 17:29:32 UTC</createdTime>
<ownerDesignName>Slide_20</ownerDesignName>
<engineerTo>
<item key="11BA9E03-EC11-10C9-753A-C0E836C1D9E8" value="true"/>
</engineerTo>
<adequatelyNormalized>NO</adequatelyNormalized>
<expectedVolumes>0</expectedVolumes>
<fwdEngineeringStrategyName>Single Table</fwdEngineeringStrategyName>
<growthPercent>0</growthPercent>
<growthType>Year</growthType>
<maxVolumes>9999999</maxVolumes>
<minVolumes>0</minVolumes>
<normalForm>Third</normalForm>
<attributes itemClass="oracle.dbtools.crest.model.design.logical.Attribute">
<Attribute name="nr_registro_SRTE" id="A52BAB69-8181-8F0C-807A-AD3B2E5CADD5">
<createdBy>Gustavo Padlipskas</createdBy>
<createdTime>2021-05-24 18:05:23 UTC</createdTime>
<commentInRDBMS><![CDATA[Superintendência Regional do Trabalho e Emprego]]></commentInRDBMS>
<ownerDesignName>Slide_20</ownerDesignName>
<engineerTo>
<item key="11BA9E03-EC11-10C9-753A-C0E836C1D9E8" value="true"/>
</engineerTo>
<useDomainConstraints>false</useDomainConstraints>
<use>1</use>
<logicalDatatype>LOGDT019</logicalDatatype>
<dataTypePrecision>7</dataTypePrecision>
<ownDataTypeParameters>,7,</ownDataTypeParameters>
</Attribute>
<Attribute name="qt_idioma" id="CBE15338-FB62-5549-886F-C1C87CDDAA22">
<createdBy>Gustavo Padlipskas</createdBy>
<createdTime>2020-07-27 17:29:49 UTC</createdTime>
<ownerDesignName>Slide_20</ownerDesignName>
<engineerTo>
<item key="11BA9E03-EC11-10C9-753A-C0E836C1D9E8" value="true"/>
</engineerTo>
<useDomainConstraints>false</useDomainConstraints>
<use>1</use>
<logicalDatatype>LOGDT019</logicalDatatype>
<dataTypePrecision>2</dataTypePrecision>
<ownDataTypeParameters>,2,</ownDataTypeParameters>
</Attribute>
</attributes>
<identifiers itemClass="oracle.dbtools.crest.model.design.logical.CandidateKey">
<identifier id="C655B556-82AD-087D-6C91-746D1F829069" name="T_SECRETARIA PK">
<createdBy>Gustavo Padlipskas</createdBy>
<createdTime>2021-05-24 18:08:48 UTC</createdTime>
<ownerDesignName>Slide_20</ownerDesignName>
<engineerTo>
<item key="11BA9E03-EC11-10C9-753A-C0E836C1D9E8" value="true"/>
</engineerTo>
<pk>true</pk>
</identifier>
</identifiers>
</Entity>