<?xml version = '1.0' encoding = 'UTF-8'?>
<Entity class="oracle.dbtools.crest.model.design.logical.Entity" directorySegmentName="seg_0" id="4E669F69-BDAD-1338-53E6-A52CD1549F1D" name="T_STU_FORMA_PAGAMENTO">
<createdBy>logonpflocal</createdBy>
<createdTime>2022-04-29 13:03:52 UTC</createdTime>
<ownerDesignName>Projeto_RHSTU</ownerDesignName>
<engineerTo>
<item key="BD52EFD7-AD57-1D29-FBCE-37428351E3D1" value="true"/>
</engineerTo>
<adequatelyNormalized>NO</adequatelyNormalized>
<expectedVolumes>0</expectedVolumes>
<fwdEngineeringStrategyName>Single Table</fwdEngineeringStrategyName>
<growthPercent>0</growthPercent>
<growthType>Year</growthType>
<maxVolumes>9999999</maxVolumes>
<minVolumes>0</minVolumes>
<normalForm>Third</normalForm>
<attributes itemClass="oracle.dbtools.crest.model.design.logical.Attribute">
<Attribute name="ID_FORMA_PAGTO" id="4E218399-9591-8C64-43AD-E05DDEC8D090">
<createdBy>logonpflocal</createdBy>
<createdTime>2022-04-29 13:03:52 UTC</createdTime>
<ownerDesignName>Projeto_RHSTU</ownerDesignName>
<engineerTo>
<item key="BD52EFD7-AD57-1D29-FBCE-37428351E3D1" value="true"/>
</engineerTo>
<useDomainConstraints>false</useDomainConstraints>
<use>1</use>
<logicalDatatype>LOGDT019</logicalDatatype>
<dataTypePrecision>3</dataTypePrecision>
<ownDataTypeParameters>,3,</ownDataTypeParameters>
</Attribute>
<Attribute name="NM_FORMA_PAGTO" id="87261BC3-BA83-EECF-A27E-BD77C33BEDDB">
<createdBy>logonpflocal</createdBy>
<createdTime>2022-04-29 13:03:52 UTC</createdTime>
<ownerDesignName>Projeto_RHSTU</ownerDesignName>
<engineerTo>
<item key="BD52EFD7-AD57-1D29-FBCE-37428351E3D1" value="true"/>
</engineerTo>
<useDomainConstraints>false</useDomainConstraints>
<use>1</use>
<logicalDatatype>LOGDT024</logicalDatatype>
<dataTypeSize>60</dataTypeSize>
<ownDataTypeParameters>60,,</ownDataTypeParameters>
</Attribute>
<Attribute name="DS_FORMA_PAGTO" id="E17893FB-C6B7-0BF6-4991-7FE9BAE4DE41">
<createdBy>logonpflocal</createdBy>
<createdTime>2022-04-29 13:03:52 UTC</createdTime>
<ownerDesignName>Projeto_RHSTU</ownerDesignName>
<engineerTo>
<item key="BD52EFD7-AD57-1D29-FBCE-37428351E3D1" value="true"/>
</engineerTo>
<nullsAllowed>true</nullsAllowed>
<useDomainConstraints>false</useDomainConstraints>
<use>1</use>
<logicalDatatype>LOGDT024</logicalDatatype>
<dataTypeSize>500</dataTypeSize>
<ownDataTypeParameters>500,,</ownDataTypeParameters>
</Attribute>
<Attribute name="ST_FORMA_PAGTO" id="61755199-4F7A-4252-D061-4ABFD3F1B410">
<createdBy>logonpflocal</createdBy>
<createdTime>2022-04-29 13:03:52 UTC</createdTime>
<ownerDesignName>Projeto_RHSTU</ownerDesignName>
<engineerTo>
<item key="BD52EFD7-AD57-1D29-FBCE-37428351E3D1" value="true"/>
</engineerTo>
<useDomainConstraints>false</useDomainConstraints>
<use>1</use>
<logicalDatatype>LOGDT025</logicalDatatype>
<dataTypeSize>1</dataTypeSize>
<ownDataTypeParameters>1,,</ownDataTypeParameters>
</Attribute>
</attributes>
<identifiers itemClass="oracle.dbtools.crest.model.design.logical.CandidateKey">
<identifier id="55F73CDA-78DE-9172-EC31-1DE605267B8F" name="PK_STU_FORMA_PAGTO">
<createdBy>logonpflocal</createdBy>
<createdTime>2022-04-29 13:03:52 UTC</createdTime>
<ownerDesignName>Projeto_RHSTU</ownerDesignName>
<engineerTo>
<item key="BD52EFD7-AD57-1D29-FBCE-37428351E3D1" value="true"/>
</engineerTo>
<pk>true</pk>
<newElementsIDs>4E218399-9591-8C64-43AD-E05DDEC8D090</newElementsIDs>
<usedAttributes>
<attributeRef>4E218399-9591-8C64-43AD-E05DDEC8D090</attributeRef>
</usedAttributes>
</identifier>
</identifiers>
</Entity>