<?xml version = '1.0' encoding = 'UTF-8'?>
<Diagram class="oracle.dbtools.crest.swingui.logical.DPVLogical" name="Logical" id="196BC721-965E-8DCA-B230-091A8D9FABEA">
<createdBy>Matt</createdBy>
<modifiedBy>Matt</modifiedBy>
<createdTime>2025-04-11 07:47:57 UTC</createdTime>
<autoRoute>false</autoRoute>
<boxInbox>true</boxInbox>
<showLegend>false</showLegend>
<showLabels>false</showLabels>
<showRelAttributes>false</showRelAttributes>
<gridEnabled>false</gridEnabled>
<showGrid>false</showGrid>
<diagramColor>-1</diagramColor>
<display>false</display>
<notation>2</notation>
<objectViews>
<OView class="oracle.dbtools.crest.swingui.logical.TVEntity" oid="03C04B7A-434A-4BF6-6F5D-417CB3FE4C6E" otype="Entity" vid="7463148B-54F9-3B27-D2A2-3BA9DEEFF119">
<hideElementsInCurrentOnly>false</hideElementsInCurrentOnly>
<bounds x="1248" y="76" width="352" height="116"/>
</OView>
<OView class="oracle.dbtools.crest.swingui.logical.TVEntity" oid="25DD65A8-2B54-A4CF-E5DE-21C1AAACD6D4" otype="Entity" vid="3537F36E-3DE6-9EBD-050C-64E9600C404F">
<hideElementsInCurrentOnly>false</hideElementsInCurrentOnly>
<bounds x="845" y="128" width="249" height="242"/>
</OView>
<OView class="oracle.dbtools.crest.swingui.logical.TVEntity" oid="2EC55B9C-22A8-A2A0-3FD8-EBC323F09EC5" otype="Entity" vid="763B43A0-676C-F286-B2FB-30A4CB5F8280">
<hideElementsInCurrentOnly>false</hideElementsInCurrentOnly>
<bounds x="319" y="658" width="208" height="88"/>
</OView>
<OView class="oracle.dbtools.crest.swingui.logical.TVEntity" oid="47D591BE-16B4-152D-1724-6242741BCF7F" otype="Entity" vid="E54FEF74-FE4E-8310-2E70-85B6544D17C8">
<hideElementsInCurrentOnly>false</hideElementsInCurrentOnly>
<bounds x="748" y="622" width="250" height="172"/>
</OView>
<OView class="oracle.dbtools.crest.swingui.logical.TVEntity" oid="69421DE8-F533-D346-B030-D6DB1C0B411C" otype="Entity" vid="E7DAFDF7-6EF3-22E9-7F0F-38BF98AECA10">
<hideElementsInCurrentOnly>false</hideElementsInCurrentOnly>
<bounds x="132" y="314" width="282" height="144"/>
</OView>
<OView class="oracle.dbtools.crest.swingui.logical.TVEntity" oid="CA814C9A-88A5-F4BC-39C8-4F6FCBE06F5C" otype="Entity" vid="1BF6FDB1-3673-C498-FF07-F72889989AB3">
<hideElementsInCurrentOnly>false</hideElementsInCurrentOnly>
<bounds x="198" y="31" width="276" height="116"/>
</OView>
</objectViews>
<connectors>
<Connector class="oracle.dbtools.crest.swingui.logical.TVRelation" oid="06AD5A14-DF00-988C-3750-7EF2F877F262" otype="Relation" vid_source="3537F36E-3DE6-9EBD-050C-64E9600C404F" vid_target="763B43A0-676C-F286-B2FB-30A4CB5F8280">
<hideElementsInCurrentOnly>false</hideElementsInCurrentOnly>
<backgroundColor>-16777216</backgroundColor>
<lineWidth>1</lineWidth>
<points>
<point x="845" y="352"/>
<point x="476" y="658"/>
</points>
</Connector>
<Connector class="oracle.dbtools.crest.swingui.logical.TVRelation" oid="6E65DB04-E4C5-A698-6196-F07AF37C02BB" otype="Relation" vid_source="3537F36E-3DE6-9EBD-050C-64E9600C404F" vid_target="7463148B-54F9-3B27-D2A2-3BA9DEEFF119">
<hideElementsInCurrentOnly>false</hideElementsInCurrentOnly>
<backgroundColor>-16777216</backgroundColor>
<lineWidth>1</lineWidth>
<points>
<point x="1094" y="130"/>
<point x="1248" y="130"/>
</points>
</Connector>
<Connector class="oracle.dbtools.crest.swingui.logical.TVRelation" oid="9327508B-64F2-EF8F-A9CE-C48A6CF8771E" otype="Relation" vid_source="3537F36E-3DE6-9EBD-050C-64E9600C404F" vid_target="1BF6FDB1-3673-C498-FF07-F72889989AB3">
<hideElementsInCurrentOnly>false</hideElementsInCurrentOnly>
<backgroundColor>-16777216</backgroundColor>
<lineWidth>1</lineWidth>
<points>
<point x="845" y="137"/>
<point x="474" y="137"/>
</points>
</Connector>
<Connector class="oracle.dbtools.crest.swingui.logical.TVRelation" oid="BDAEC7F4-0BB0-92B0-FDF4-279976F57170" otype="Relation" vid_source="3537F36E-3DE6-9EBD-050C-64E9600C404F" vid_target="E7DAFDF7-6EF3-22E9-7F0F-38BF98AECA10">
<hideElementsInCurrentOnly>false</hideElementsInCurrentOnly>
<backgroundColor>-16777216</backgroundColor>
<lineWidth>1</lineWidth>
<points>
<point x="845" y="342"/>
<point x="414" y="342"/>
</points>
</Connector>
<Connector class="oracle.dbtools.crest.swingui.logical.TVRelation" oid="C1C7F1FA-B1D2-DDFA-82BD-71E2C055CDFA" otype="Relation" vid_source="1BF6FDB1-3673-C498-FF07-F72889989AB3" vid_target="E7DAFDF7-6EF3-22E9-7F0F-38BF98AECA10">
<hideElementsInCurrentOnly>false</hideElementsInCurrentOnly>
<backgroundColor>-16777216</backgroundColor>
<lineWidth>1</lineWidth>
<points>
<point x="321" y="147"/>
<point x="321" y="314"/>
</points>
</Connector>
<Connector class="oracle.dbtools.crest.swingui.logical.TVRelation" oid="FF2C3F8B-0CAF-78DF-B1D2-C425CAD8D65C" otype="Relation" vid_source="3537F36E-3DE6-9EBD-050C-64E9600C404F" vid_target="E54FEF74-FE4E-8310-2E70-85B6544D17C8">
<hideElementsInCurrentOnly>false</hideElementsInCurrentOnly>
<backgroundColor>-16777216</backgroundColor>
<lineWidth>1</lineWidth>
<points>
<point x="936" y="370"/>
<point x="936" y="622"/>
</points>
</Connector>
</connectors>
</Diagram>