<?xml version = '1.0' encoding = 'UTF-8'?>
<relationalModel class="oracle.dbtools.crest.model.design.relational.RelationalDesign" name="Relational_1" id="61914652-2A27-DB84-4294-AC3C21527FA0" mainViewID="33CE5448-BEE4-B80C-1062-C3CC80A30637">
<createdBy>labsfiap</createdBy>
<createdTime>2025-03-28 00:30:40 UTC</createdTime>
<ownerDesignName>exec-pratica</ownerDesignName>
<shouldBeOpen>false</shouldBeOpen>
<selectedRDBMSSite>32076570-2523-435C-2E92-BF29817DFF70</selectedRDBMSSite>
</relationalModel>