<?xml version = '1.0' encoding = 'UTF-8'?>
<Entity class="oracle.dbtools.crest.model.design.logical.Entity" directorySegmentName="seg_0" id="9F6974F9-B448-7A93-14D7-265522384A18" name="T_VB_ITENS_PEDIDO">
<createdBy>willi</createdBy>
<createdTime>2023-02-24 17:31:12 UTC</createdTime>
<ownerDesignName>vendebem</ownerDesignName>
<engineerTo>
<item key="3B900023-A8F4-1D43-7275-0ABB8837388D" value="true"/>
</engineerTo>
<adequatelyNormalized>NO</adequatelyNormalized>
<expectedVolumes>0</expectedVolumes>
<fwdEngineeringStrategyName>Single Table</fwdEngineeringStrategyName>
<growthPercent>0</growthPercent>
<growthType>Year</growthType>
<maxVolumes>9999999</maxVolumes>
<minVolumes>0</minVolumes>
<normalForm>Third</normalForm>
<attributes itemClass="oracle.dbtools.crest.model.design.logical.Attribute">
<Attribute name="nr_pedido" id="E47FAC49-F0B0-0CF7-50E7-B5DF6F594687">
<createdBy>willi</createdBy>
<createdTime>2024-03-26 00:56:28 UTC</createdTime>
<comment><![CDATA[Esse atributo irá receber a chave primária do pedido. Esse número é sequencial e gerado automaticamente pelo sistema. Seu conteúdo é obrigatório.]]></comment>
<generatorID>0092B1B3-7CB7-44B0-819A-C0DF86338EB3</generatorID>
<ownerDesignName>vendebem</ownerDesignName>
<engineerTo>
<item key="3B900023-A8F4-1D43-7275-0ABB8837388D" value="true"/>
</engineerTo>
<referedAttribute>B81CFF7C-8145-E357-E868-5954BF4C744B</referedAttribute>
<useDomainConstraints>false</useDomainConstraints>
<use>1</use>
<logicalDatatype>LOGDT019</logicalDatatype>
<dataTypePrecision>10</dataTypePrecision>
<ownDataTypeParameters>,,</ownDataTypeParameters>
</Attribute>
<Attribute name="id_produto" id="5FECC68D-42AB-3A82-C35E-B0298B90DC3E">
<createdBy>willi</createdBy>
<createdTime>2024-03-26 00:57:57 UTC</createdTime>
<comment><![CDATA[Esse atributo irá receber a chave primária do produto. Esse número é sequencial e gerado automaticamente pelo sistema. Seu conteúdo é obrigatório.]]></comment>
<generatorID>FD95E3B2-2C9C-1A7B-1BD5-CF55432C9251</generatorID>
<ownerDesignName>vendebem</ownerDesignName>
<engineerTo>
<item key="3B900023-A8F4-1D43-7275-0ABB8837388D" value="true"/>
</engineerTo>
<referedAttribute>B0C34CA1-2CE1-296D-664D-88A9B0BB618D</referedAttribute>
<useDomainConstraints>false</useDomainConstraints>
<use>1</use>
<logicalDatatype>LOGDT019</logicalDatatype>
<dataTypePrecision>10</dataTypePrecision>
<ownDataTypeParameters>,,</ownDataTypeParameters>
</Attribute>
<Attribute name="vl_unitario" id="A6480FAB-EF01-6184-F6F6-85C8A96A5089">
<createdBy>willi</createdBy>
<createdTime>2023-02-24 17:32:55 UTC</createdTime>
<comment><![CDATA[Esse atributo irá receber o valor unitario do produto no momento da venda. Seu conteúdo é obrigatório.]]></comment>
<commentInRDBMS><![CDATA[Esse atributo irá receber o valor unitario do produto no momento da venda. Seu conteúdo é obrigatório.]]></commentInRDBMS>
<notes><![CDATA[Esse atributo irá receber o valor unitario do produto no momento da venda. Seu conteúdo é obrigatório.]]></notes>
<ownerDesignName>vendebem</ownerDesignName>
<engineerTo>
<item key="3B900023-A8F4-1D43-7275-0ABB8837388D" value="true"/>
</engineerTo>
<useDomainConstraints>false</useDomainConstraints>
<use>1</use>
<logicalDatatype>LOGDT019</logicalDatatype>
<dataTypePrecision>8</dataTypePrecision>
<dataTypeScale>2</dataTypeScale>
<ownDataTypeParameters>,8,2</ownDataTypeParameters>
</Attribute>
<Attribute name="qt_consumo" id="17BA8D56-0E5B-D58A-A906-825F63900A24">
<createdBy>willi</createdBy>
<createdTime>2023-02-24 17:33:39 UTC</createdTime>
<comment><![CDATA[Esse atributo irá receber a quantidade pedida do produto. Seu conteúdo é obrigatório.]]></comment>
<commentInRDBMS><![CDATA[Esse atributo irá receber a quantidade pedida do produto. Seu conteúdo é obrigatório.]]></commentInRDBMS>
<notes><![CDATA[Esse atributo irá receber a quantidade pedida do produto. Seu conteúdo é obrigatório.]]></notes>
<ownerDesignName>vendebem</ownerDesignName>
<engineerTo>
<item key="3B900023-A8F4-1D43-7275-0ABB8837388D" value="true"/>
</engineerTo>
<useDomainConstraints>false</useDomainConstraints>
<use>1</use>
<logicalDatatype>LOGDT019</logicalDatatype>
<dataTypePrecision>6</dataTypePrecision>
<ownDataTypeParameters>,6,</ownDataTypeParameters>
</Attribute>
<Attribute name="vl_desconto" id="80E85F07-22FC-E11F-7327-D56ECA7FEFE8">
<createdBy>willi</createdBy>
<createdTime>2023-02-24 17:34:35 UTC</createdTime>
<comment><![CDATA[Esse atributo irá receber o desconto caso existir. Seu conteúdo é opcional.]]></comment>
<commentInRDBMS><![CDATA[Esse atributo irá receber o desconto caso existir. Seu conteúdo é opcional.]]></commentInRDBMS>
<notes><![CDATA[Esse atributo irá receber o desconto caso existir. Seu conteúdo é opcional.]]></notes>
<ownerDesignName>vendebem</ownerDesignName>
<engineerTo>
<item key="3B900023-A8F4-1D43-7275-0ABB8837388D" value="true"/>
</engineerTo>
<nullsAllowed>true</nullsAllowed>
<useDomainConstraints>false</useDomainConstraints>
<use>1</use>
<logicalDatatype>LOGDT019</logicalDatatype>
<dataTypePrecision>8</dataTypePrecision>
<dataTypeScale>2</dataTypeScale>
<ownDataTypeParameters>,8,2</ownDataTypeParameters>
</Attribute>
</attributes>
<identifiers itemClass="oracle.dbtools.crest.model.design.logical.CandidateKey">
<identifier id="0483460A-BDFF-88A9-B7C6-200979F04113" name="T_VB_ITENS_PEDIDO PK">
<createdBy>willi</createdBy>
<createdTime>2023-02-24 17:55:34 UTC</createdTime>
<ownerDesignName>vendebem</ownerDesignName>
<engineerTo>
<item key="3B900023-A8F4-1D43-7275-0ABB8837388D" value="true"/>
</engineerTo>
<pk>true</pk>
<usedAttributes>
<attributeRef>E47FAC49-F0B0-0CF7-50E7-B5DF6F594687</attributeRef>
<attributeRef>5FECC68D-42AB-3A82-C35E-B0298B90DC3E</attributeRef>
</usedAttributes>
</identifier>
</identifiers>
</Entity>