<?xml version = '1.0' encoding = 'UTF-8'?>
<Entity class="oracle.dbtools.crest.model.design.logical.Entity" directorySegmentName="seg_0" id="D27650FB-CD60-9005-5825-2EBF83226891" name="T_VB_MESA">
<createdBy>willi</createdBy>
<createdTime>2023-02-24 16:47:46 UTC</createdTime>
<ownerDesignName>vendebem</ownerDesignName>
<engineerTo>
<item key="3B900023-A8F4-1D43-7275-0ABB8837388D" value="true"/>
</engineerTo>
<adequatelyNormalized>NO</adequatelyNormalized>
<expectedVolumes>0</expectedVolumes>
<fwdEngineeringStrategyName>Single Table</fwdEngineeringStrategyName>
<growthPercent>0</growthPercent>
<growthType>Year</growthType>
<maxVolumes>9999999</maxVolumes>
<minVolumes>0</minVolumes>
<normalForm>Third</normalForm>
<attributes itemClass="oracle.dbtools.crest.model.design.logical.Attribute">
<Attribute name="id_mesa" id="ECBE0586-7D92-CCCA-DB59-BF36A2C06303">
<createdBy>willi</createdBy>
<createdTime>2023-02-24 16:48:34 UTC</createdTime>
<commentInRDBMS><![CDATA[Esse atributo irá receber a chave primária da mesa do estabelecimento. Esse número é sequencial e gerado automaticamente pelo sistema. Seu conteúdo é obrigatório.]]></commentInRDBMS>
<ownerDesignName>vendebem</ownerDesignName>
<engineerTo>
<item key="3B900023-A8F4-1D43-7275-0ABB8837388D" value="true"/>
</engineerTo>
<useDomainConstraints>false</useDomainConstraints>
<use>1</use>
<logicalDatatype>LOGDT019</logicalDatatype>
<dataTypePrecision>10</dataTypePrecision>
<ownDataTypeParameters>,10,</ownDataTypeParameters>
</Attribute>
<Attribute name="id_estabelecimento" id="41756873-1E42-872A-15C5-BFAC8636F7DB">
<createdBy>willi</createdBy>
<createdTime>2024-03-26 00:53:43 UTC</createdTime>
<comment><![CDATA[Esse atributo irá receber a chave primária do estabelecimento. Esse número é sequencial e gerado automaticamente pelo sistema. Seu conteúdo é obrigatório.]]></comment>
<generatorID>38433EAB-898D-19C1-DCC5-7C4236EDF60B</generatorID>
<ownerDesignName>vendebem</ownerDesignName>
<engineerTo>
<item key="3B900023-A8F4-1D43-7275-0ABB8837388D" value="true"/>
</engineerTo>
<referedAttribute>396F4828-9347-DCCE-97BA-360A37611FDF</referedAttribute>
<useDomainConstraints>false</useDomainConstraints>
<use>1</use>
<structuredType>47E390DE-0671-C4B1-8428-0F45CBEE18F8</structuredType>
<logicalDatatype>LOGDT019</logicalDatatype>
<dataTypePrecision>10</dataTypePrecision>
<ownDataTypeParameters>,,</ownDataTypeParameters>
</Attribute>
<Attribute name="st_mesa" id="CAD9C491-B262-976C-A829-FF39DA39581B">
<createdBy>willi</createdBy>
<createdTime>2023-03-22 16:04:51 UTC</createdTime>
<commentInRDBMS><![CDATA[Esse atributo irá receber o status atual da mesa, poder ser 1 - Livre, 2 - Ocupada, 3 - Suja, 4 - inativa. . Seu conteúdo é obrigatório.]]></commentInRDBMS>
<ownerDesignName>vendebem</ownerDesignName>
<engineerTo>
<item key="3B900023-A8F4-1D43-7275-0ABB8837388D" value="true"/>
</engineerTo>
<useDomainConstraints>false</useDomainConstraints>
<use>1</use>
<logicalDatatype>LOGDT019</logicalDatatype>
<dataTypePrecision>1</dataTypePrecision>
<ownDataTypeParameters>,1,</ownDataTypeParameters>
</Attribute>
<Attribute name="qt_posicao" id="FCDA6BDD-01E2-45C7-E6BD-93EBDFDAB9B1">
<createdBy>willi</createdBy>
<createdTime>2023-02-24 16:49:22 UTC</createdTime>
<comment><![CDATA[Quantidade de posições que a mesa possui. Seu conteúdo é opcional.]]></comment>
<commentInRDBMS><![CDATA[Esse atributo irá receber a quantidade de posições que a mesa possui. Seu conteúdo é opcional.]]></commentInRDBMS>
<notes><![CDATA[Quantidade de posições que a mesa possui. Seu conteúdo é opcional.]]></notes>
<ownerDesignName>vendebem</ownerDesignName>
<engineerTo>
<item key="3B900023-A8F4-1D43-7275-0ABB8837388D" value="true"/>
</engineerTo>
<nullsAllowed>true</nullsAllowed>
<useDomainConstraints>false</useDomainConstraints>
<use>1</use>
<logicalDatatype>LOGDT019</logicalDatatype>
<dataTypePrecision>3</dataTypePrecision>
<ownDataTypeParameters>,3,</ownDataTypeParameters>
</Attribute>
</attributes>
<identifiers itemClass="oracle.dbtools.crest.model.design.logical.CandidateKey">
<identifier id="39A53C79-55D8-BFF5-928D-9A84D5D580C1" name="T_VB_MESA PK">
<createdBy>willi</createdBy>
<createdTime>2023-02-24 17:38:46 UTC</createdTime>
<ownerDesignName>vendebem</ownerDesignName>
<engineerTo>
<item key="3B900023-A8F4-1D43-7275-0ABB8837388D" value="true"/>
</engineerTo>
<pk>true</pk>
<usedAttributes>
<attributeRef>ECBE0586-7D92-CCCA-DB59-BF36A2C06303</attributeRef>
<attributeRef>41756873-1E42-872A-15C5-BFAC8636F7DB</attributeRef>
</usedAttributes>
</identifier>
</identifiers>
</Entity>