<?xml version = '1.0' encoding = 'UTF-8'?>
<Entity class="oracle.dbtools.crest.model.design.logical.Entity" directorySegmentName="seg_0" id="E7118554-C19A-147C-810C-19AE00FC004C" name="T_VB_ENDERECO">
<createdBy>willi</createdBy>
<createdTime>2023-02-24 16:22:22 UTC</createdTime>
<ownerDesignName>vendebem</ownerDesignName>
<engineerTo>
<item key="3B900023-A8F4-1D43-7275-0ABB8837388D" value="true"/>
</engineerTo>
<adequatelyNormalized>NO</adequatelyNormalized>
<expectedVolumes>0</expectedVolumes>
<fwdEngineeringStrategyName>Single Table</fwdEngineeringStrategyName>
<growthPercent>0</growthPercent>
<growthType>Year</growthType>
<maxVolumes>9999999</maxVolumes>
<minVolumes>0</minVolumes>
<normalForm>Third</normalForm>
<attributes itemClass="oracle.dbtools.crest.model.design.logical.Attribute">
<Attribute name="id_endereco" id="6BAC7CBA-1419-6479-4796-9585FE5F55B5">
<createdBy>willi</createdBy>
<createdTime>2023-02-24 16:23:58 UTC</createdTime>
<comment><![CDATA[Esse atributo irá receber a chave primária do endereço do estabelecimento que será formada juntamente com o identificador do estabelecimento. Esse número é seqüêncial e gerado automaticamente pelo sistema de acorodo com o estabelecimento. Seu conteúdo é obrigatório.]]></comment>
<commentInRDBMS><![CDATA[Esse atributo irá receber a chave primária do endereço do estabelecimento que será formada juntamente com o identificador do estabelecimento. Esse número é seqüêncial e gerado automaticamente pelo sistema de acorodo com o estabelecimento. Seu conteúdo é obrigatório.]]></commentInRDBMS>
<notes><![CDATA[Esse atributo irá receber a chave primária do endereço do estabelecimento que será formada juntamente com o identificador do estabelecimento. Esse número é seqüêncial e gerado automaticamente pelo sistema de acorodo com o estabelecimento. Seu conteúdo é obrigatório.]]></notes>
<ownerDesignName>vendebem</ownerDesignName>
<engineerTo>
<item key="3B900023-A8F4-1D43-7275-0ABB8837388D" value="true"/>
</engineerTo>
<useDomainConstraints>false</useDomainConstraints>
<use>1</use>
<logicalDatatype>LOGDT019</logicalDatatype>
<dataTypePrecision>10</dataTypePrecision>
<ownDataTypeParameters>,10,</ownDataTypeParameters>
</Attribute>
<Attribute name="id_estabelecimento" id="A699E0D1-D3AA-6273-FF3F-CFCC14B7B468">
<createdBy>willi</createdBy>
<createdTime>2024-03-26 00:51:48 UTC</createdTime>
<comment><![CDATA[Esse atributo irá receber a chave primária do estabelecimento. Esse número é sequencial e gerado automaticamente pelo sistema. Seu conteúdo é obrigatório.]]></comment>
<generatorID>1FEBB59A-8C7D-F37C-CD4E-781204FD2140</generatorID>
<ownerDesignName>vendebem</ownerDesignName>
<engineerTo>
<item key="3B900023-A8F4-1D43-7275-0ABB8837388D" value="true"/>
</engineerTo>
<referedAttribute>396F4828-9347-DCCE-97BA-360A37611FDF</referedAttribute>
<useDomainConstraints>false</useDomainConstraints>
<use>1</use>
<structuredType>47E390DE-0671-C4B1-8428-0F45CBEE18F8</structuredType>
<logicalDatatype>LOGDT019</logicalDatatype>
<dataTypePrecision>10</dataTypePrecision>
<ownDataTypeParameters>,,</ownDataTypeParameters>
</Attribute>
<Attribute name="nr_cep" id="D44822EA-5796-5814-9F3A-FC62C8A1128D">
<createdBy>willi</createdBy>
<createdTime>2023-02-24 16:24:21 UTC</createdTime>
<comment><![CDATA[Esse atributo irá receber o número do CEP do endereco do estabelecimento. Esse número deve ser correspondente a base do correio. Seu conteúdo é obrigatório.]]></comment>
<commentInRDBMS><![CDATA[Esse atributo irá receber o número do CEP do endereco do estabelecimento. Esse número deve ser correspondente a base do correio. Seu conteúdo é obrigatório.]]></commentInRDBMS>
<notes><![CDATA[Esse atributo irá receber o número do CEP do endereco do estabelecimento. Esse número deve ser correspondente a base do correio. Seu conteúdo é obrigatório.]]></notes>
<ownerDesignName>vendebem</ownerDesignName>
<engineerTo>
<item key="3B900023-A8F4-1D43-7275-0ABB8837388D" value="true"/>
</engineerTo>
<useDomainConstraints>false</useDomainConstraints>
<use>1</use>
<logicalDatatype>LOGDT019</logicalDatatype>
<dataTypePrecision>9</dataTypePrecision>
<ownDataTypeParameters>,9,</ownDataTypeParameters>
</Attribute>
<Attribute name="nm_logradouro" id="50748D4F-1717-458F-87FA-E8622239BEEA">
<createdBy>willi</createdBy>
<createdTime>2023-02-24 16:25:08 UTC</createdTime>
<comment><![CDATA[Esse atributo irá receber o logradouro do endereco do estabelecimento.  Seu conteúdo é obrigatório.]]></comment>
<commentInRDBMS><![CDATA[Esse atributo irá receber o logradouro do endereco do estabelecimento.  Seu conteúdo é obrigatório.]]></commentInRDBMS>
<notes><![CDATA[Esse atributo irá receber o logradouro do endereco do estabelecimento.  Seu conteúdo é obrigatório.]]></notes>
<ownerDesignName>vendebem</ownerDesignName>
<engineerTo>
<item key="3B900023-A8F4-1D43-7275-0ABB8837388D" value="true"/>
</engineerTo>
<useDomainConstraints>false</useDomainConstraints>
<use>1</use>
<logicalDatatype>LOGDT024</logicalDatatype>
<dataTypeSize>80</dataTypeSize>
<ownDataTypeParameters>80,,</ownDataTypeParameters>
</Attribute>
<Attribute name="nr_logradouro" id="0B8FEFC7-D573-8791-B72B-835EF1AF84B1">
<createdBy>willi</createdBy>
<createdTime>2023-02-24 16:26:52 UTC</createdTime>
<comment><![CDATA[Esse atributo irá receber o número do logradouro do endereco do paciente.  Seu conteúdo é opcional.]]></comment>
<commentInRDBMS><![CDATA[Esse atributo irá receber o número do logradouro do endereco do paciente.  Seu conteúdo é opcional.]]></commentInRDBMS>
<notes><![CDATA[Esse atributo irá receber o número do logradouro do endereco do paciente.  Seu conteúdo é opcional.]]></notes>
<ownerDesignName>vendebem</ownerDesignName>
<engineerTo>
<item key="3B900023-A8F4-1D43-7275-0ABB8837388D" value="true"/>
</engineerTo>
<nullsAllowed>true</nullsAllowed>
<useDomainConstraints>false</useDomainConstraints>
<use>1</use>
<logicalDatatype>LOGDT019</logicalDatatype>
<dataTypePrecision>7</dataTypePrecision>
<ownDataTypeParameters>,7,</ownDataTypeParameters>
</Attribute>
<Attribute name="ds_complemento_numero" id="20AE5CC7-6C49-4BB6-0B2F-21B85639B90C">
<createdBy>willi</createdBy>
<createdTime>2023-02-24 16:27:26 UTC</createdTime>
<commentInRDBMS><![CDATA[Esse atributo irá receber o complemeneto  do logradouro do endereco do paciente caso ele exista. Seu conteúdo é opcional.]]></commentInRDBMS>
<ownerDesignName>vendebem</ownerDesignName>
<engineerTo>
<item key="3B900023-A8F4-1D43-7275-0ABB8837388D" value="true"/>
</engineerTo>
<nullsAllowed>true</nullsAllowed>
<useDomainConstraints>false</useDomainConstraints>
<use>1</use>
<logicalDatatype>LOGDT024</logicalDatatype>
<dataTypeSize>30</dataTypeSize>
<ownDataTypeParameters>30,,</ownDataTypeParameters>
</Attribute>
<Attribute name="ds_ponto_referencia" id="DD7C013E-B1C4-A701-5513-C5B9FA287525">
<createdBy>willi</createdBy>
<createdTime>2023-02-24 16:29:27 UTC</createdTime>
<comment><![CDATA[Esse atributo irá receber o ponto de referência  do logradouro do endereco do paciente.  Seu conteúdo é opcional.]]></comment>
<commentInRDBMS><![CDATA[Esse atributo irá receber o ponto de referência  do logradouro do endereco do paciente.  Seu conteúdo é opcional.]]></commentInRDBMS>
<notes><![CDATA[Esse atributo irá receber o ponto de referência  do logradouro do endereco do paciente.  Seu conteúdo é opcional.]]></notes>
<ownerDesignName>vendebem</ownerDesignName>
<engineerTo>
<item key="3B900023-A8F4-1D43-7275-0ABB8837388D" value="true"/>
</engineerTo>
<nullsAllowed>true</nullsAllowed>
<useDomainConstraints>false</useDomainConstraints>
<use>1</use>
<logicalDatatype>LOGDT024</logicalDatatype>
<dataTypeSize>50</dataTypeSize>
<ownDataTypeParameters>50,,</ownDataTypeParameters>
</Attribute>
<Attribute name="nm_bairro" id="B5889C87-3DDC-15CC-3241-7187C5097F60">
<createdBy>willi</createdBy>
<createdTime>2023-02-24 16:43:13 UTC</createdTime>
<comment><![CDATA[Esse atributo irá receber o nome do Bairro do endereco do paciente.  Seu conteúdo é obrigatório.]]></comment>
<commentInRDBMS><![CDATA[Esse atributo irá receber o nome do Bairro do endereco do paciente.  Seu conteúdo é obrigatório.]]></commentInRDBMS>
<notes><![CDATA[Esse atributo irá receber o nome do Bairro do endereco do paciente.  Seu conteúdo é obrigatório.]]></notes>
<ownerDesignName>vendebem</ownerDesignName>
<engineerTo>
<item key="3B900023-A8F4-1D43-7275-0ABB8837388D" value="true"/>
</engineerTo>
<useDomainConstraints>false</useDomainConstraints>
<use>1</use>
<logicalDatatype>LOGDT019</logicalDatatype>
<dataTypePrecision>60</dataTypePrecision>
<ownDataTypeParameters>,60,</ownDataTypeParameters>
</Attribute>
<Attribute name="nm_cidade" id="92F07662-BE36-367F-1399-7326CEEC3619">
<createdBy>willi</createdBy>
<createdTime>2023-02-24 16:44:19 UTC</createdTime>
<comment><![CDATA[Esse atributo irá receber o nome da Cidade do endereco do paciente.  Seu conteúdo é obrigatório.]]></comment>
<commentInRDBMS><![CDATA[Esse atributo irá receber o nome da Cidade do endereco do paciente.  Seu conteúdo é obrigatório.]]></commentInRDBMS>
<notes><![CDATA[Esse atributo irá receber o nome da Cidade do endereco do paciente.  Seu conteúdo é obrigatório.]]></notes>
<ownerDesignName>vendebem</ownerDesignName>
<engineerTo>
<item key="3B900023-A8F4-1D43-7275-0ABB8837388D" value="true"/>
</engineerTo>
<useDomainConstraints>false</useDomainConstraints>
<use>1</use>
<logicalDatatype>LOGDT024</logicalDatatype>
<dataTypeSize>60</dataTypeSize>
<ownDataTypeParameters>60,,</ownDataTypeParameters>
</Attribute>
<Attribute name="nm_estado" id="6A811B65-707F-E208-F965-838B5829804D">
<createdBy>willi</createdBy>
<createdTime>2023-02-24 16:45:02 UTC</createdTime>
<comment><![CDATA[Esse atributo irá receber o nome do Estado  do endereco do paciente.  Seu conteúdo é obrigatório.]]></comment>
<commentInRDBMS><![CDATA[Esse atributo irá receber o nome do Estado  do endereco do paciente.  Seu conteúdo é obrigatório.]]></commentInRDBMS>
<notes><![CDATA[Esse atributo irá receber o nome do Estado  do endereco do paciente.  Seu conteúdo é obrigatório.]]></notes>
<ownerDesignName>vendebem</ownerDesignName>
<engineerTo>
<item key="3B900023-A8F4-1D43-7275-0ABB8837388D" value="true"/>
</engineerTo>
<useDomainConstraints>false</useDomainConstraints>
<use>1</use>
<logicalDatatype>LOGDT024</logicalDatatype>
<dataTypeSize>45</dataTypeSize>
<ownDataTypeParameters>45,,</ownDataTypeParameters>
</Attribute>
<Attribute name="sg_estado" id="3B7B96A2-5EF0-A7C7-3EB2-9DE398EA0AF1">
<createdBy>willi</createdBy>
<createdTime>2023-02-24 16:46:36 UTC</createdTime>
<comment><![CDATA[Esse atributo irá receber a sigla do Estado  do endereco do paciente.  Seu conteúdo é obrigatório.]]></comment>
<commentInRDBMS><![CDATA[Esse atributo irá receber a sigla do Estado  do endereco do paciente.  Seu conteúdo é obrigatório.]]></commentInRDBMS>
<notes><![CDATA[Esse atributo irá receber a sigla do Estado  do endereco do paciente.  Seu conteúdo é obrigatório.]]></notes>
<ownerDesignName>vendebem</ownerDesignName>
<engineerTo>
<item key="3B900023-A8F4-1D43-7275-0ABB8837388D" value="true"/>
</engineerTo>
<useDomainConstraints>false</useDomainConstraints>
<use>1</use>
<logicalDatatype>LOGDT025</logicalDatatype>
<dataTypeSize>2</dataTypeSize>
<ownDataTypeParameters>2,,</ownDataTypeParameters>
</Attribute>
</attributes>
<identifiers itemClass="oracle.dbtools.crest.model.design.logical.CandidateKey">
<identifier id="4C38A77E-EB5E-5D0A-B042-A8E6E1E09B73" name="T_VB_ENDERECO PK">
<createdBy>willi</createdBy>
<createdTime>2023-02-24 17:37:37 UTC</createdTime>
<ownerDesignName>vendebem</ownerDesignName>
<engineerTo>
<item key="3B900023-A8F4-1D43-7275-0ABB8837388D" value="true"/>
</engineerTo>
<pk>true</pk>
<usedAttributes>
<attributeRef>6BAC7CBA-1419-6479-4796-9585FE5F55B5</attributeRef>
<attributeRef>A699E0D1-D3AA-6273-FF3F-CFCC14B7B468</attributeRef>
</usedAttributes>
</identifier>
</identifiers>
</Entity>