<?xml version = '1.0' encoding = 'UTF-8'?>
<Diagram class="oracle.dbtools.crest.swingui.logical.DPVLogical" name="Logical" id="C4402711-D182-7D44-343B-B2E51C61DC02">
<createdBy>willi</createdBy>
<modifiedBy>willi</modifiedBy>
<createdTime>2023-03-29 00:55:21 UTC</createdTime>
<autoRoute>false</autoRoute>
<boxInbox>true</boxInbox>
<showLegend>false</showLegend>
<showLabels>false</showLabels>
<showRelAttributes>false</showRelAttributes>
<gridEnabled>false</gridEnabled>
<showGrid>false</showGrid>
<diagramColor>-1</diagramColor>
<display>false</display>
<notation>2</notation>
<objectViews>
<OView class="oracle.dbtools.crest.swingui.logical.TVEntity" oid="0F6AA0D6-DB23-D592-D823-DBA8CB77F3DE" otype="Entity" vid="DF2EC654-4C3C-CEB3-2F2C-55D92062D8FB">
<hideElementsInCurrentOnly>false</hideElementsInCurrentOnly>
<bounds x="66" y="81" width="229" height="74"/>
</OView>
<OView class="oracle.dbtools.crest.swingui.logical.TVEntity" oid="12BC8834-47D5-106F-F094-9E6BFC42793E" otype="Entity" vid="9D5669F1-69FE-1030-77CF-5361FD73EF2D">
<hideElementsInCurrentOnly>false</hideElementsInCurrentOnly>
<bounds x="140" y="501" width="182" height="74"/>
</OView>
<OView class="oracle.dbtools.crest.swingui.logical.TVEntity" oid="19602E65-5ED7-96E0-0DCE-4B60FFB60296" otype="Entity" vid="2B6D1589-719F-C08A-2AAC-16BE2F438D15">
<hideElementsInCurrentOnly>false</hideElementsInCurrentOnly>
<bounds x="153" y="1003" width="173" height="60"/>
</OView>
<OView class="oracle.dbtools.crest.swingui.logical.TVEntity" oid="506BBEC3-817F-8591-3367-E66B4D61DC17" otype="Entity" vid="56B48DC9-17B7-E2A6-3F2F-75D90A2717E9">
<hideElementsInCurrentOnly>false</hideElementsInCurrentOnly>
<bounds x="432" y="993" width="227" height="74"/>
</OView>
<OView class="oracle.dbtools.crest.swingui.logical.TVEntity" oid="5AEA8613-BBB9-F13D-9274-096D32571B7E" otype="Entity" vid="8EBDE77D-9D45-4655-86FD-1DF14842FA84">
<hideElementsInCurrentOnly>false</hideElementsInCurrentOnly>
<bounds x="732" y="992" width="169" height="60"/>
</OView>
<OView class="oracle.dbtools.crest.swingui.logical.TVEntity" oid="7B380661-EE86-07FE-B4ED-5565F5169E64" otype="Entity" vid="5735BFA5-1F3C-A283-18DE-4429BDA53756">
<hideElementsInCurrentOnly>false</hideElementsInCurrentOnly>
<bounds x="523" y="504" width="182" height="60"/>
</OView>
<OView class="oracle.dbtools.crest.swingui.logical.TVEntity" oid="8017627E-442C-029E-04CA-C75DC762E35A" otype="Entity" vid="2E1FEECE-D50C-0B68-F27C-9772782510D8">
<hideElementsInCurrentOnly>false</hideElementsInCurrentOnly>
<bounds x="421" y="724" width="225" height="88"/>
</OView>
<OView class="oracle.dbtools.crest.swingui.logical.TVEntity" oid="D01D873C-3186-6303-9F23-C40BE69D6780" otype="Entity" vid="C3B4C436-2231-0B57-DB6C-20D9B603F8E0">
<hideElementsInCurrentOnly>false</hideElementsInCurrentOnly>
<bounds x="725" y="86" width="308" height="102"/>
</OView>
<OView class="oracle.dbtools.crest.swingui.logical.TVEntity" oid="D0F28AD0-DAE0-5AAA-8CD8-217F9755A95D" otype="Entity" vid="FF90EB4A-BD10-DA3F-5A4C-20E73BA71AE7">
<hideElementsInCurrentOnly>false</hideElementsInCurrentOnly>
<bounds x="737" y="737" width="183" height="60"/>
</OView>
<OView class="oracle.dbtools.crest.swingui.logical.TVEntity" oid="E20B8143-A801-7F4E-0E4F-B199249D3870" otype="Entity" vid="48B86B54-A2E5-BCE0-370B-FF77E5E0052F">
<hideElementsInCurrentOnly>false</hideElementsInCurrentOnly>
<bounds x="405" y="80" width="227" height="158"/>
</OView>
<OView class="oracle.dbtools.crest.swingui.logical.TVEntity" oid="EC693F99-0B0B-2F52-4488-B8A21AF849AE" otype="Entity" vid="9FD5E470-F8AD-6F23-F1DA-1407A9E4D5BF">
<hideElementsInCurrentOnly>false</hideElementsInCurrentOnly>
<bounds x="411" y="289" width="202" height="102"/>
</OView>
<OView class="oracle.dbtools.crest.swingui.logical.TVEntity" oid="FA2CD688-CBA7-35E4-6C6B-36352917F4CB" otype="Entity" vid="5060479E-3BB3-9B46-768B-1F0707DA0D94">
<hideElementsInCurrentOnly>false</hideElementsInCurrentOnly>
<bounds x="131" y="723" width="185" height="60"/>
</OView>
</objectViews>
<connectors>
<Connector class="oracle.dbtools.crest.swingui.logical.TVRelation" oid="1F52565C-A920-1E6D-570B-9D6B24897F55" otype="Relation" vid_source="48B86B54-A2E5-BCE0-370B-FF77E5E0052F" vid_target="C3B4C436-2231-0B57-DB6C-20D9B603F8E0">
<hideElementsInCurrentOnly>false</hideElementsInCurrentOnly>
<backgroundColor>-16777216</backgroundColor>
<lineWidth>1</lineWidth>
<points>
<point x="632" y="118"/>
<point x="725" y="119"/>
</points>
</Connector>
<Connector class="oracle.dbtools.crest.swingui.logical.TVRelation" oid="24D3861C-014C-138C-88DD-48BD58DF33E4" otype="Relation" vid_source="FF90EB4A-BD10-DA3F-5A4C-20E73BA71AE7" vid_target="2E1FEECE-D50C-0B68-F27C-9772782510D8">
<hideElementsInCurrentOnly>false</hideElementsInCurrentOnly>
<backgroundColor>-16777216</backgroundColor>
<lineWidth>1</lineWidth>
<points>
<point x="737" y="767"/>
<point x="646" y="767"/>
</points>
</Connector>
<Connector class="oracle.dbtools.crest.swingui.logical.TVRelation" oid="2CF16520-3B33-9E8D-C398-5E7D38226B7D" otype="Relation" vid_source="9FD5E470-F8AD-6F23-F1DA-1407A9E4D5BF" vid_target="48B86B54-A2E5-BCE0-370B-FF77E5E0052F">
<hideElementsInCurrentOnly>false</hideElementsInCurrentOnly>
<backgroundColor>-16777216</backgroundColor>
<lineWidth>1</lineWidth>
<points>
<point x="512" y="289"/>
<point x="512" y="238"/>
</points>
</Connector>
<Connector class="oracle.dbtools.crest.swingui.logical.TVRelation" oid="5578D665-3653-AE59-7E14-951A98AA34F3" otype="Relation" vid_source="DF2EC654-4C3C-CEB3-2F2C-55D92062D8FB" vid_target="48B86B54-A2E5-BCE0-370B-FF77E5E0052F">
<hideElementsInCurrentOnly>false</hideElementsInCurrentOnly>
<backgroundColor>-16777216</backgroundColor>
<lineWidth>1</lineWidth>
<points>
<point x="295" y="115"/>
<point x="405" y="115"/>
</points>
</Connector>
<Connector class="oracle.dbtools.crest.swingui.logical.TVRelation" oid="5A67F343-5560-F586-C3D1-2A5815296E8B" otype="Relation" vid_source="5735BFA5-1F3C-A283-18DE-4429BDA53756" vid_target="9D5669F1-69FE-1030-77CF-5361FD73EF2D">
<hideElementsInCurrentOnly>false</hideElementsInCurrentOnly>
<backgroundColor>-16777216</backgroundColor>
<lineWidth>1</lineWidth>
<points>
<point x="523" y="527"/>
<point x="322" y="527"/>
</points>
</Connector>
<Connector class="oracle.dbtools.crest.swingui.logical.TVRelation" oid="E6E7B94C-CDF8-B9CB-88C0-93CF90C8DFDF" otype="Relation" vid_source="5060479E-3BB3-9B46-768B-1F0707DA0D94" vid_target="2E1FEECE-D50C-0B68-F27C-9772782510D8">
<hideElementsInCurrentOnly>false</hideElementsInCurrentOnly>
<backgroundColor>-16777216</backgroundColor>
<lineWidth>1</lineWidth>
<points>
<point x="316" y="768"/>
<point x="421" y="768"/>
</points>
</Connector>
<Connector class="oracle.dbtools.crest.swingui.logical.TVRelation" oid="EC46CD43-3CEC-032F-6B9E-CA84A143D886" otype="Relation" vid_source="8EBDE77D-9D45-4655-86FD-1DF14842FA84" vid_target="56B48DC9-17B7-E2A6-3F2F-75D90A2717E9">
<hideElementsInCurrentOnly>false</hideElementsInCurrentOnly>
<backgroundColor>-16777216</backgroundColor>
<lineWidth>1</lineWidth>
<points>
<point x="732" y="1037"/>
<point x="659" y="1037"/>
</points>
</Connector>
<Connector class="oracle.dbtools.crest.swingui.logical.TVRelation" oid="F7693BAE-DB5F-779E-799B-B6B616BA5F95" otype="Relation" vid_source="2B6D1589-719F-C08A-2AAC-16BE2F438D15" vid_target="56B48DC9-17B7-E2A6-3F2F-75D90A2717E9">
<hideElementsInCurrentOnly>false</hideElementsInCurrentOnly>
<backgroundColor>-16777216</backgroundColor>
<lineWidth>1</lineWidth>
<points>
<point x="326" y="1033"/>
<point x="432" y="1033"/>
</points>
</Connector>
</connectors>
</Diagram>